-- phpMyAdmin SQL Dump
-- version 3.3.10
-- http://www.phpmyadmin.net
--
-- 主机: localhost
-- 生成日期: 2012 年 04 月 24 日 13:23
-- 服务器版本: 5.5.17
-- PHP 版本: 5.2.17

SET FOREIGN_KEY_CHECKS=0;
SET SQL_MODE="NO_AUTO_VALUE_ON_ZERO";


/*!40101 SET @OLD_CHARACTER_SET_CLIENT=@@CHARACTER_SET_CLIENT */;
/*!40101 SET @OLD_CHARACTER_SET_RESULTS=@@CHARACTER_SET_RESULTS */;
/*!40101 SET @OLD_COLLATION_CONNECTION=@@COLLATION_CONNECTION */;
/*!40101 SET NAMES utf8 */;

--
-- 数据库: `cmstop`
--

-- --------------------------------------------------------

--
-- 表的结构 `cmstop_aca`
--

DROP TABLE IF EXISTS `cmstop_aca`;
CREATE TABLE IF NOT EXISTS `cmstop_aca` (
  `acaid` smallint(5) unsigned NOT NULL AUTO_INCREMENT,
  `parentid` smallint(5) unsigned DEFAULT NULL,
  `app` varchar(15) NOT NULL,
  `controller` varchar(30) DEFAULT NULL,
  `action` varchar(255) DEFAULT NULL,
  `name` varchar(30) NOT NULL,
  PRIMARY KEY (`acaid`),
  UNIQUE KEY `app` (`app`,`controller`,`action`),
  KEY `parentid` (`parentid`)
) ENGINE=InnoDB  DEFAULT CHARSET=utf8 AUTO_INCREMENT=878 ;

--
-- 转存表中的数据 `cmstop_aca`
--

INSERT INTO `cmstop_aca` (`acaid`, `parentid`, `app`, `controller`, `action`, `name`) VALUES
(1, NULL, 'system', NULL, NULL, '系统'),
(2, 1, 'system', 'aca', NULL, '权限'),
(3, 1, 'system', 'administrator', NULL, '管理员'),
(4, 1, 'system', 'adminlog', NULL, '操作日志'),
(5, 1, 'system', 'attachment', NULL, '附件管理'),
(7, 5, 'system', 'attachment', 'delete_file', '删除文件'),
(8, 5, 'system', 'attachment', 'delete_folder,rmdir', '删除文件夹'),
(9, 5, 'system', 'attachment', 'paste_file', '粘贴文件'),
(10, 5, 'system', 'attachment', 'rename_file', '重命名文件'),
(11, 5, 'system', 'attachment', 'rename_folder', '重命名文件夹'),
(12, 5, 'system', 'attachment', 'mkdir', '新建文件夹'),
(13, 5, 'system', 'attachment', 'imageEditor,edit_image,edit_image_submit,create_words_image,crop_image,create_image_from_file,add_word_do', '编辑图片'),
(14, 5, 'system', 'attachment', 'download_folder,list_attachments,send_header,download_file', '下载文件'),
(16, 1, 'system', 'cache', NULL, '更新缓存'),
(17, 1, 'system', 'category', NULL, '栏目管理'),
(18, 17, 'system', 'category', 'index,path,reload,name,searchall', '浏览'),
(19, 17, 'system', 'category', 'add', '新建'),
(20, 17, 'system', 'category', 'edit', '编辑'),
(21, 17, 'system', 'category', 'delete', '删除'),
(22, 17, 'system', 'category', 'move', '移动'),
(23, 17, 'system', 'category', 'repair', '修复'),
(26, 1, 'system', 'category_priv', NULL, '栏目权限'),
(27, 26, 'system', 'category_priv', 'index', '浏览'),
(28, 26, 'system', 'category_priv', 'add', '添加'),
(29, 26, 'system', 'category_priv', 'delete', '删除'),
(30, 1, 'system', 'content', NULL, '内容管理'),
(31, 30, 'system', 'content', 'index,page,search,islock', '浏览'),
(32, 30, 'system', 'content', 'edit', '编辑'),
(33, 30, 'system', 'content', 'delete', '删除'),
(34, 30, 'system', 'content', 'move', '移动'),
(35, 30, 'system', 'content', 'reference', '引用'),
(36, 30, 'system', 'content', 'clear', '清空'),
(37, 1, 'system', 'content_log', NULL, '内容日志'),
(38, 37, 'system', 'content_log', 'index,page,search', '浏览'),
(39, 37, 'system', 'content_log', 'delete', '删除'),
(40, 1, 'system', 'content_note', NULL, '批注'),
(41, 40, 'system', 'content_note', 'index,page,search', '浏览'),
(42, 40, 'system', 'content_note', 'add', '添加'),
(43, 40, 'system', 'content_note', 'delete', '删除'),
(44, 1, 'system', 'content_version', NULL, '版本'),
(45, 44, 'system', 'content_version', 'index,view', '浏览'),
(46, 44, 'system', 'content_version', 'add', '添加'),
(47, 44, 'system', 'content_version', 'restore', '恢复'),
(48, 44, 'system', 'content_version', 'delete', '删除'),
(49, 1, 'system', 'cron', NULL, '计划任务'),
(51, 1, 'system', 'department', NULL, '部门'),
(52, 1, 'system', 'dsn', NULL, '数据源管理'),
(53, 52, 'system', 'dsn', 'index,page,exists,test', '浏览'),
(54, 52, 'system', 'dsn', 'add', '添加'),
(55, 52, 'system', 'dsn', 'edit', '编辑'),
(56, 52, 'system', 'dsn', 'delete', '删除'),
(57, 1, 'system', 'file', NULL, '文件'),
(58, 1, 'system', 'filterword', NULL, '词语过滤'),
(59, 58, 'system', 'filterword', 'index,page,search', '浏览'),
(60, 58, 'system', 'filterword', 'add', '添加'),
(61, 58, 'system', 'filterword', 'edit', '编辑'),
(62, 58, 'system', 'filterword', 'delete', '删除'),
(63, 1, 'system', 'html', NULL, '页面生成'),
(64, 63, 'system', 'html', 'index,cate', '浏览'),
(66, 63, 'system', 'html', 'show,createShow', '生成内容页'),
(67, 63, 'system', 'html', 'createIndex,index_cron,category,category_cron,ls,ls_create_all,ls_create,index_create,createCate', '生成栏目页、首页'),
(68, 1, 'system', 'import', NULL, '数据导入'),
(69, 1, 'system', 'ipbanned', NULL, 'IP 禁止'),
(70, 1, 'system', 'keylink', NULL, '关键词链接'),
(71, 70, 'system', 'keylink', 'index,page,search', '浏览'),
(72, 70, 'system', 'keylink', 'add,edit,content_index', '添加、编辑'),
(73, 70, 'system', 'keylink', 'delete', '删除'),
(74, 1, 'system', 'menu', NULL, '菜单'),
(75, 1, 'system', 'model', NULL, '内容模型'),
(76, 1, 'system', 'picker', NULL, '数据选择器'),
(78, 76, 'system', 'picker', 'add', '添加'),
(79, 76, 'system', 'picker', 'edit', '编辑'),
(80, 1, 'system', 'property', NULL, '属性设置'),
(81, 80, 'system', 'property', 'index,cate,path,reload,dropcate,name,search,note', '浏览'),
(82, 80, 'system', 'property', 'add', '添加'),
(83, 80, 'system', 'property', 'edit', '编辑'),
(84, 80, 'system', 'property', 'delete', '删除'),
(85, 80, 'system', 'property', 'move', '移动'),
(86, 80, 'system', 'property', 'repair', '修复'),
(87, 1, 'system', 'psn', NULL, '发布点'),
(89, 87, 'system', 'psn', 'add', '添加'),
(90, 87, 'system', 'psn', 'edit', '编辑'),
(91, 87, 'system', 'psn', 'delete', '删除'),
(92, 87, 'system', 'psn', 'mkdir', '新建目录'),
(93, 87, 'system', 'psn', 'mkfile', '新建文件'),
(94, 87, 'system', 'psn', 'rename', '重命名'),
(95, 87, 'system', 'psn', 'remove', '删除文件目录'),
(96, 1, 'system', 'rank', NULL, '排行榜'),
(97, 1, 'system', 'related', NULL, '相关内容'),
(98, 1, 'system', 'role', NULL, '角色'),
(99, 1, 'system', 'score', NULL, '评分'),
(100, 99, 'system', 'score', 'index,edit,editor,score_edit', '评分'),
(101, 99, 'system', 'score', 'view,page', '评分记录'),
(102, 1, 'system', 'setting', NULL, '全局配置'),
(103, 1, 'system', 'sitemaps', NULL, '网站地图'),
(104, 1, 'system', 'source', NULL, '来源'),
(106, 104, 'system', 'source', 'add,edit', '添加'),
(108, 104, 'system', 'source', 'delete', '删除'),
(109, 1, 'system', 'stat', NULL, '统计'),
(110, 1, 'system', 'stat_examine', NULL, '编辑考核'),
(111, 1, 'system', 'tag', NULL, 'Tags管理'),
(113, 111, 'system', 'tag', 'add', '添加'),
(114, 111, 'system', 'tag', 'edit', '编辑'),
(115, 111, 'system', 'tag', 'delete', '删除'),
(116, 1, 'system', 'template', NULL, '模板'),
(117, 116, 'system', 'template', 'index,page,spage,selector,dir,chdir,loadclip,showTpl,loadTpl', '显示'),
(118, 116, 'system', 'template', 'edit', '编辑'),
(119, 116, 'system', 'template', 'alias', '别名'),
(120, 116, 'system', 'template', 'add', '添加'),
(121, 116, 'system', 'template', 'delete', '删除'),
(122, 116, 'system', 'template', 'addclip', '添加剪辑'),
(123, 116, 'system', 'template', 'editclip', '编辑剪辑'),
(124, 116, 'system', 'template', 'delclip', '删除剪辑'),
(125, 116, 'system', 'template', 'preview', '预览'),
(126, 116, 'system', 'template', 'tag_db,tag_content,tag_discuz,tag_phpwind,tag_shopex,memdiscuzdsn,memphpwinddsn,memshopexdsn,load_shopex,suggestShopBrand,pageShopexBrand,load_phpwind,load_discuz,suggestPhpwindUser,suggestDiscuzUser,pagePhpwindUser,pageDiscuzUser\r\n', '标签'),
(127, 116, 'system', 'template', 'editTpl', '模板重命名'),
(128, 116, 'system', 'template', 'upload', '上传'),
(129, 1, 'system', 'tweets', NULL, '转发管理'),
(131, 129, 'system', 'tweets', 'add', '添加'),
(132, 129, 'system', 'tweets', 'edit', '编辑'),
(133, 129, 'system', 'tweets', 'forward,forward_pic,forward_check,sina,sina_update', '转发'),
(134, 129, 'system', 'tweets', 'delete', '删除'),
(136, 1, 'system', 'workflow', NULL, '工作流'),
(137, NULL, 'article', NULL, NULL, '文章'),
(138, 137, 'article', 'article', NULL, '文章'),
(139, 138, 'article', 'article', 'add,miniadd', '添加'),
(140, 138, 'article', 'article', 'edit,miniedit', '编辑'),
(141, 138, 'article', 'article', 'view', '查看'),
(142, 138, 'article', 'article', 'related', '相关'),
(143, 138, 'article', 'article', 'copy', '复制'),
(145, 138, 'article', 'article', 'reference', '引用'),
(146, 138, 'article', 'article', 'move', '移动'),
(147, 138, 'article', 'article', 'thumb', '缩略图'),
(148, 137, 'article', 'html', NULL, '页面生成'),
(149, 137, 'article', 'setting', NULL, '文章设置'),
(150, NULL, 'picture', NULL, NULL, '组图'),
(151, 150, 'picture', 'html', NULL, '组图生成'),
(161, 150, 'picture', 'setting', NULL, '设置'),
(162, NULL, 'video', NULL, NULL, '视频'),
(163, 162, 'video', 'html', NULL, '视频生成'),
(164, 162, 'video', 'video', NULL, '视频管理'),
(165, 164, 'video', 'video', 'add', '添加'),
(166, 164, 'video', 'video', 'edit', '编辑'),
(167, 164, 'video', 'video', 'view', '查看'),
(168, 164, 'video', 'video', 'related', '相关'),
(169, 164, 'video', 'video', 'reference', '引用'),
(170, 164, 'video', 'video', 'move', '移动'),
(171, 164, 'video', 'video', 'upload', '上传'),
(172, 164, 'video', 'video', 'setccid', '设置 CC ID'),
(173, 162, 'video', 'vms', NULL, '视频管理系统'),
(174, 173, 'video', 'vms', 'index,view', '浏览'),
(175, 173, 'video', 'vms', 'preview', '预览'),
(176, 173, 'video', 'vms', 'edit', '编辑'),
(177, 173, 'video', 'vms', 'setting', '接口配置'),
(178, NULL, 'activity', NULL, NULL, '活动'),
(179, 178, 'activity', 'activity', NULL, '活动管理'),
(180, 179, 'activity', 'activity', 'add', '添加'),
(181, 179, 'activity', 'activity', 'edit', '编辑'),
(182, 179, 'activity', 'activity', 'view', '查看'),
(183, 179, 'activity', 'activity', 'viewsigns', '查看报名信息'),
(184, 179, 'activity', 'activity', 'related', '相关'),
(185, 179, 'activity', 'activity', 'reference', '引用'),
(186, 179, 'activity', 'activity', 'move', '移动'),
(187, 179, 'activity', 'activity', 'stop,unstop', '是否结束'),
(188, 178, 'activity', 'html', NULL, '活动生成'),
(189, 178, 'activity', 'setting', NULL, '活动设置'),
(190, 178, 'activity', 'sign', NULL, '管理报名者'),
(191, 190, 'activity', 'sign', 'view,page', '查看'),
(192, 190, 'activity', 'sign', 'edit', '编辑'),
(193, 190, 'activity', 'sign', 'pass', '通过'),
(194, 190, 'activity', 'sign', 'unpass', '还原'),
(195, 190, 'activity', 'sign', 'delete', '删除'),
(196, 190, 'activity', 'sign', 'export', '导出'),
(197, NULL, 'vote', NULL, NULL, '投票'),
(198, 197, 'vote', 'html', NULL, '投票生成'),
(199, 197, 'vote', 'log', NULL, '投票记录'),
(200, 197, 'vote', 'vote', NULL, '投票管理'),
(201, 200, 'vote', 'vote', 'add', '添加'),
(202, 200, 'vote', 'vote', 'edit', '编辑'),
(204, 200, 'vote', 'vote', 'related', '相关'),
(205, 200, 'vote', 'vote', 'reference', '引用'),
(206, 200, 'vote', 'vote', 'move', '移动'),
(207, NULL, 'survey', NULL, NULL, '调查问卷'),
(208, 207, 'survey', 'export', NULL, '导出'),
(209, 207, 'survey', 'html', NULL, '问卷生成'),
(210, 207, 'survey', 'question', NULL, '表单管理'),
(211, 210, 'survey', 'question', 'index,view', '浏览'),
(212, 210, 'survey', 'question', 'add', '添加'),
(213, 210, 'survey', 'question', 'edit', '编辑'),
(214, 210, 'survey', 'question', 'sort', '选项排序'),
(215, 210, 'survey', 'question', 'delete', '删除'),
(216, 210, 'survey', 'question', 'upload', '上传'),
(217, 207, 'survey', 'report', NULL, '问卷报告'),
(219, 217, 'survey', 'report', 'question', '分项报表'),
(220, 217, 'survey', 'report', 'answer', '全部数据'),
(221, 217, 'survey', 'report', 'option', '调查记录'),
(222, 217, 'survey', 'report', 'view', '查看问卷'),
(223, 217, 'survey', 'report', 'delete', '删除'),
(225, 207, 'survey', 'survey', NULL, '问卷管理'),
(226, 225, 'survey', 'survey', 'index,page,search,view', '浏览'),
(227, 225, 'survey', 'survey', 'add', '添加'),
(228, 225, 'survey', 'survey', 'edit', '编辑'),
(229, 225, 'survey', 'survey', 'data_clear', '清空调查记录'),
(230, 225, 'survey', 'survey', 'related', '相关'),
(231, 225, 'survey', 'survey', 'reference', '引用'),
(232, 225, 'survey', 'survey', 'move', '移动'),
(233, NULL, 'interview', NULL, NULL, '访谈'),
(234, 233, 'interview', 'chat', NULL, '文字实录'),
(235, 234, 'interview', 'chat', 'index,chat', '浏览'),
(236, 234, 'interview', 'chat', 'add', '添加'),
(237, 234, 'interview', 'chat', 'edit', '编辑'),
(238, 234, 'interview', 'chat', 'delete', '删除'),
(239, 233, 'interview', 'html', NULL, '访谈生成'),
(240, 233, 'interview', 'interview', NULL, '访谈管理'),
(241, 240, 'interview', 'interview', 'index,page,search,view', '浏览'),
(242, 240, 'interview', 'interview', 'add', '添加'),
(243, 240, 'interview', 'interview', 'edit', '编辑'),
(244, 240, 'interview', 'interview', 'review', '精彩观点'),
(245, 240, 'interview', 'interview', 'notice', '滚动广告'),
(246, 240, 'interview', 'interview', 'picture', '组图'),
(247, 240, 'interview', 'interview', 'state', '访谈状态'),
(248, 240, 'interview', 'interview', 'reference', '引用'),
(249, 240, 'interview', 'interview', 'move', '移动'),
(250, 240, 'interview', 'interview', 'upload', '上传'),
(251, 233, 'interview', 'question', NULL, '网友互动'),
(252, 251, 'interview', 'question', 'index,page', '浏览'),
(253, 251, 'interview', 'question', 'delete', '删除'),
(254, 251, 'interview', 'question', 'clear', '清空'),
(255, 251, 'interview', 'question', 'remove', '彻底删除'),
(256, 251, 'interview', 'question', 'pass', '通过'),
(257, 251, 'interview', 'question', 'commend', '推荐'),
(258, 251, 'interview', 'question', 'iplock', 'IP 锁定'),
(259, 251, 'interview', 'question', 'ipunlock', 'IP 解锁'),
(260, NULL, 'link', NULL, NULL, '链接'),
(261, 260, 'link', 'link', NULL, '链接'),
(262, 261, 'link', 'link', 'add', '添加'),
(263, 261, 'link', 'link', 'edit', '编辑'),
(264, 261, 'link', 'link', 'view', '查看'),
(265, 261, 'link', 'link', 'related', '相关'),
(266, 261, 'link', 'link', 'reference', '引用'),
(267, 261, 'link', 'link', 'move', '移动'),
(268, NULL, 'comment', NULL, NULL, '评论'),
(269, 268, 'comment', 'comment', NULL, '评论管理'),
(270, 269, 'comment', 'comment', 'index,page', '浏览'),
(271, 269, 'comment', 'comment', 'edit', '编辑'),
(272, 269, 'comment', 'comment', 'check', '通过'),
(273, 269, 'comment', 'comment', 'delete', '删除'),
(274, 269, 'comment', 'comment', 'ip_edit', '修改 IP'),
(275, 269, 'comment', 'comment', 'ip_disallow', 'IP 锁定'),
(276, 269, 'comment', 'comment', 'ip_delete', '删除指定 IP 所有评论'),
(277, 269, 'comment', 'comment', 'top', '评论置顶'),
(278, 269, 'comment', 'comment', 'canceltop', '取消置顶'),
(279, 269, 'comment', 'comment', 'topic,topic_page', '话题管理'),
(280, 269, 'comment', 'comment', 'topic_add', '添加话题'),
(281, 269, 'comment', 'comment', 'topic_enable', '话题开启'),
(282, 269, 'comment', 'comment', 'topic_disable', '话题关闭'),
(283, 269, 'comment', 'comment', 'topic_del', '删除话题'),
(284, 269, 'comment', 'comment', 'report,report_page', '举报评论管理'),
(285, 269, 'comment', 'comment', 'report_reset', '举报重置'),
(286, 269, 'comment', 'comment', 'sensitive,sensitive_page', '敏感评论'),
(287, 269, 'comment', 'comment', 'sensitive_reset', '敏感重置'),
(288, 268, 'comment', 'setting', NULL, '评论设置'),
(289, NULL, 'contribution', NULL, NULL, '投稿管理'),
(291, 289, 'contribution', 'index', NULL, '投稿管理'),
(292, 291, 'contribution', 'index', 'index,page,view', '浏览'),
(293, 291, 'contribution', 'index', 'add', '添加'),
(294, 291, 'contribution', 'index', 'reject', '退稿'),
(295, 291, 'contribution', 'index', 'remove', '彻底删除'),
(296, 291, 'contribution', 'index', 'delete', '删除'),
(297, 291, 'contribution', 'index', 'clear', '清空回收站'),
(298, 289, 'contribution', 'setting', NULL, '投稿设置'),
(299, NULL, 'digg', NULL, NULL, 'Digg'),
(300, 299, 'digg', 'digg', NULL, '顶踩管理'),
(301, 299, 'digg', 'setting', NULL, '顶踩设置'),
(302, NULL, 'editor', NULL, NULL, '编辑器'),
(312, NULL, 'field', NULL, NULL, '扩展字段'),
(313, 312, 'field', 'field', NULL, '字段管理'),
(314, 313, 'field', 'field', 'delete', '字段删除'),
(315, 312, 'field', 'project', NULL, '方案管理'),
(317, 315, 'field', 'project', 'add', '添加方案'),
(318, 315, 'field', 'project', 'design', '设计方案'),
(319, 315, 'field', 'project', 'design_add', '添加字段'),
(320, 315, 'field', 'project', 'design_edit', '编辑字段'),
(321, 315, 'field', 'project', 'delete', '删除方案'),
(322, NULL, 'freelist', NULL, NULL, '自由列表'),
(323, 322, 'freelist', 'freelist', NULL, '列表管理'),
(324, 323, 'freelist', 'freelist', 'index,page', '浏览'),
(325, 323, 'freelist', 'freelist', 'add', '基本设置'),
(326, 323, 'freelist', 'freelist', 'fadd', '配置筛选器'),
(327, 323, 'freelist', 'freelist', 'getview', '显示列表'),
(328, 323, 'freelist', 'freelist', 'delete', '批量删除'),
(329, 323, 'freelist', 'freelist', 'update', '批量更新'),
(330, 323, 'freelist', 'freelist', 'stop', '批量停止更新'),
(331, 322, 'freelist', 'group', NULL, '分组管理'),
(332, 331, 'freelist', 'group', 'index,page', '浏览'),
(333, 331, 'freelist', 'group', 'add', '添加'),
(334, 331, 'freelist', 'group', 'edit', '编辑'),
(335, 331, 'freelist', 'group', 'delete', '删除'),
(336, NULL, 'guestbook', NULL, NULL, '留言本'),
(337, 336, 'guestbook', 'guestbook', NULL, '留言本'),
(338, 337, 'guestbook', 'guestbook', 'index,page', '浏览'),
(339, 337, 'guestbook', 'guestbook', 'reply', '回复'),
(340, 337, 'guestbook', 'guestbook', 'replyed', '已回复'),
(341, 337, 'guestbook', 'guestbook', 'send_email', '发送邮件'),
(342, 337, 'guestbook', 'guestbook', 'edit_content', '编辑内容'),
(343, 337, 'guestbook', 'guestbook', 'delete', '删除'),
(344, 336, 'guestbook', 'setting', NULL, '设置'),
(345, 336, 'guestbook', 'type', NULL, '类型管理'),
(346, 345, 'guestbook', 'type', 'index,page', '浏览'),
(347, 345, 'guestbook', 'type', 'add', '添加'),
(348, 345, 'guestbook', 'type', 'edit', '编辑'),
(349, 345, 'guestbook', 'type', 'delete', '删除'),
(350, NULL, 'history', NULL, NULL, '历史页面'),
(351, 350, 'history', 'history', NULL, '历史页面'),
(352, 351, 'history', 'history', 'index,page', '浏览'),
(353, 351, 'history', 'history', 'exec', '历史页面生成'),
(354, 351, 'history', 'history', 'save', '新建保存'),
(355, 351, 'history', 'history', 'delete', '删除'),
(356, NULL, 'magazine', NULL, NULL, '电子杂志'),
(357, 356, 'magazine', 'content', NULL, '栏目内容管理'),
(358, 357, 'magazine', 'content', 'index,page', '浏览'),
(359, 357, 'magazine', 'content', 'delete', '删除'),
(360, 357, 'magazine', 'content', 'relate,getArticle,saveRelate', '关联文章'),
(361, 356, 'magazine', 'edition', NULL, '期号管理'),
(362, 361, 'magazine', 'edition', 'index,page', '浏览'),
(363, 361, 'magazine', 'edition', 'save', '新建期号'),
(364, 361, 'magazine', 'edition', 'delete', '删除期号'),
(365, 361, 'magazine', 'edition', 'disabled', '批量修改状态'),
(366, 356, 'magazine', 'magazine', NULL, '杂志管理'),
(367, 366, 'magazine', 'magazine', 'index,page', '浏览'),
(368, 366, 'magazine', 'magazine', 'save', '保存'),
(369, 366, 'magazine', 'magazine', 'delete', '删除'),
(370, 356, 'magazine', 'page', NULL, '栏目管理'),
(371, 370, 'magazine', 'page', 'index,page', '浏览'),
(372, 370, 'magazine', 'page', 'save', '保存'),
(373, 370, 'magazine', 'page', 'add', '添加'),
(374, 370, 'magazine', 'page', 'delete', '删除'),
(375, 370, 'magazine', 'page', 'publish', '发布'),
(376, NULL, 'member', NULL, NULL, '会员'),
(377, 376, 'member', 'audit', NULL, '审核用户'),
(378, 376, 'member', 'group', NULL, '用户组管理'),
(379, 378, 'member', 'group', 'index,page', '浏览'),
(380, 378, 'member', 'group', 'add', '添加'),
(381, 378, 'member', 'group', 'edit', '编辑'),
(382, 378, 'member', 'group', 'delete', '删除'),
(384, 376, 'member', 'index', NULL, '管理用户'),
(385, 384, 'member', 'index', 'index,page,search', '浏览'),
(386, 384, 'member', 'index', 'add', '添加'),
(387, 384, 'member', 'index', 'edit', '编辑'),
(388, 384, 'member', 'index', 'password', '修改密码'),
(389, 384, 'member', 'index', 'delete', '删除'),
(390, 384, 'member', 'index', 'remarks', '备注'),
(391, 384, 'member', 'index', 'profile', '查看资料'),
(392, 384, 'member', 'index', 'avatar', '修改头像'),
(393, 384, 'member', 'index', 'contribute', '投稿'),
(394, 384, 'member', 'index', 'sendmail', '发送邮件'),
(395, 384, 'member', 'index', 'show_unlock,locked_page', '查看锁定用户'),
(396, 384, 'member', 'index', 'unlock', '解锁用户'),
(397, 376, 'member', 'log', NULL, '登陆日志'),
(398, 397, 'member', 'log', 'index,page', '浏览'),
(399, 397, 'member', 'log', 'delete', '删除'),
(400, 376, 'member', 'setting', NULL, '设置'),
(401, 400, 'member', 'setting', 'index', '基本设置'),
(402, 400, 'member', 'setting', 'ucenter,uctest,phpwind', '整合设置'),
(404, 400, 'member', 'setting', 'ucenter_sync,merge', '用户合并'),
(405, NULL, 'mood', NULL, NULL, '心情排行'),
(406, 405, 'mood', 'data', NULL, '数据查看'),
(407, 405, 'mood', 'mood', NULL, '方案设置'),
(408, 407, 'mood', 'mood', 'index,page,sort,view', '浏览'),
(409, 407, 'mood', 'mood', 'add', '添加'),
(410, 407, 'mood', 'mood', 'edit', '编辑'),
(411, 407, 'mood', 'mood', 'delete', '删除'),
(412, 407, 'mood', 'mood', 'publish', '发布'),
(413, 405, 'mood', 'setting', NULL, '心情设置'),
(414, NULL, 'page', NULL, NULL, '页面'),
(415, 414, 'page', 'content', NULL, '区块内容'),
(416, 415, 'page', 'content', 'search', '搜索'),
(417, 415, 'page', 'content', 'recommend', '推荐'),
(418, 415, 'page', 'content', 'delrecommend', '删除推荐'),
(419, 414, 'page', 'page', NULL, '页面管理'),
(421, 419, 'page', 'page', 'sections', '区块'),
(422, 419, 'page', 'page', 'property', '属性'),
(423, 419, 'page', 'page', 'sectionlog', '区块日志'),
(424, 419, 'page', 'page', 'publish', '发布页面'),
(425, 419, 'page', 'page', 'edit', '编辑页面'),
(426, 419, 'page', 'page', 'visualedit', '可视编辑'),
(427, 419, 'page', 'page', 'preview', '预览'),
(428, 419, 'page', 'page', 'add', '添加'),
(430, 419, 'page', 'page', 'recover', '恢复'),
(431, 419, 'page', 'page', 'exportTemplate', '导出'),
(432, 419, 'page', 'page', 'delete', '删除'),
(433, 414, 'page', 'page_priv', NULL, '页面权限'),
(434, 433, 'page', 'page_priv', 'index', '浏览'),
(435, 433, 'page', 'page_priv', 'add', '添加'),
(436, 433, 'page', 'page_priv', 'delete', '删除'),
(437, 414, 'page', 'section', NULL, '区块管理'),
(438, 437, 'page', 'section', 'edit', '编辑'),
(439, 437, 'page', 'section', 'property', '属性'),
(440, 437, 'page', 'section', 'visual', '可视化区块'),
(441, 437, 'page', 'section', 'preview', '预览'),
(442, 437, 'page', 'section', 'lock', '锁定'),
(443, 437, 'page', 'section', 'unlock', '强行解锁'),
(444, 437, 'page', 'section', 'unsave', '解自己的锁'),
(445, 437, 'page', 'section', 'section_state', '区块状态'),
(446, 437, 'page', 'section', 'delrow', '删除行'),
(447, 437, 'page', 'section', 'uprow,downrow', '顺序调整'),
(448, 437, 'page', 'section', 'addrow', '添加行'),
(449, 437, 'page', 'section', 'additem', '添加项'),
(450, 437, 'page', 'section', 'delitem', '删除项'),
(451, 437, 'page', 'section', 'edititem', '编辑项'),
(452, 437, 'page', 'section', 'replaceitem', '替换项'),
(453, 437, 'page', 'section', 'leftitem,rightitem', '左右移动标题'),
(454, 437, 'page', 'section', 'logpack,getlog', '历史记录'),
(455, 437, 'page', 'section', 'viewlog', '预览历史记录'),
(456, 437, 'page', 'section', 'restorelog', '恢复到原始数据'),
(457, 437, 'page', 'section', 'clearlog', '清空历史记录'),
(458, 437, 'page', 'section', 'add', '添加'),
(459, 437, 'page', 'section', 'grap,publish', '发布'),
(460, 437, 'page', 'section', 'delete', '删除'),
(461, 437, 'page', 'section', 'view,loadViewHtml,get_section_info', '查看'),
(463, 437, 'page', 'section', 'move', '移动'),
(464, 414, 'page', 'section_priv', NULL, '区块权限'),
(465, 464, 'page', 'section_priv', 'index', '浏览'),
(466, 464, 'page', 'section_priv', 'add', '添加'),
(467, 464, 'page', 'section_priv', 'delete', '删除'),
(468, NULL, 'paper', NULL, NULL, '电子报纸'),
(469, 468, 'paper', 'content', NULL, '版面内容管理'),
(470, 469, 'paper', 'content', 'index', '浏览'),
(471, 469, 'paper', 'content', 'relate', '关联文章'),
(472, 469, 'paper', 'content', 'getArticle', '获取文章'),
(473, 469, 'paper', 'content', 'saveMap', '保存热区'),
(474, 469, 'paper', 'content', 'delMap', '删除热区'),
(475, 469, 'paper', 'content', 'prevView', '预览'),
(476, 468, 'paper', 'edition', NULL, '期号管理'),
(477, 476, 'paper', 'edition', 'index,page', '浏览'),
(478, 476, 'paper', 'edition', 'save', '新建期号'),
(479, 476, 'paper', 'edition', 'prevView', '预览'),
(480, 476, 'paper', 'edition', 'delete', '删除'),
(481, 476, 'paper', 'edition', 'disabled', '批量修改状态'),
(482, 468, 'paper', 'page', NULL, '版面管理'),
(483, 482, 'paper', 'page', 'index,page', '浏览'),
(484, 482, 'paper', 'page', 'save', '保存'),
(485, 482, 'paper', 'page', 'add', '添加'),
(486, 482, 'paper', 'page', 'delete', '删除'),
(487, 482, 'paper', 'page', 'publish', '发布'),
(488, 482, 'paper', 'page', 'sleep', '休眠'),
(489, 482, 'paper', 'page', 'unpublish', '下线'),
(490, 468, 'paper', 'paper', NULL, '报纸管理'),
(491, 490, 'paper', 'paper', 'index,page', '浏览'),
(492, 490, 'paper', 'paper', 'save', '保存'),
(493, 490, 'paper', 'paper', 'delete', '删除'),
(504, NULL, 'push', NULL, NULL, '文章推送'),
(505, NULL, 'rss', NULL, NULL, 'rss'),
(506, NULL, 'search', NULL, NULL, '搜索'),
(507, NULL, 'space', NULL, NULL, '个人专栏'),
(508, 507, 'space', 'index', NULL, '专栏管理'),
(510, 508, 'space', 'index', 'add', '添加'),
(511, 508, 'space', 'index', 'edit', '编辑'),
(512, 508, 'space', 'index', 'delete', '删除'),
(513, NULL, 'special', NULL, NULL, '专题'),
(514, 513, 'special', 'online', NULL, '在线设计'),
(515, 514, 'special', 'online', 'index', '浏览'),
(516, 514, 'special', 'online', 'lock', '锁定'),
(517, 514, 'special', 'online', 'unlock', '解锁'),
(518, 514, 'special', 'online', 'recommend,search', '推送'),
(519, 514, 'special', 'online', 'getPlace', '选择位置'),
(520, 514, 'special', 'online', 'addPage', '增加页面'),
(521, 514, 'special', 'online', 'setPage', '设置页面'),
(522, 514, 'special', 'online', 'copyPage', '拷贝页面'),
(523, 514, 'special', 'online', 'delPage', '删除页面'),
(524, 514, 'special', 'online', 'addRes', '添加资源文件'),
(525, 514, 'special', 'online', 'editRes', '编辑资源文件'),
(526, 514, 'special', 'online', 'css', '风格'),
(527, 514, 'special', 'online', 'addTemplate', '上传模板'),
(528, 514, 'special', 'online', 'delTemplate', '删除模板'),
(529, 514, 'special', 'online', 'editTemplate', '编辑模板'),
(530, 514, 'special', 'online', 'tplCanEdit', '模板可编辑'),
(531, 514, 'special', 'online', 'getTemplate', '获取模版'),
(532, 514, 'special', 'online', 'getTheme', '获取风格中所有元素样式'),
(533, 514, 'special', 'online', 'setUI', '设置风格'),
(534, 514, 'special', 'online', 'delTheme', '删除风格'),
(535, 514, 'special', 'online', 'getWidget,getOneWidget', '获取模块'),
(536, 514, 'special', 'online', 'editWidget', '编辑模块'),
(537, 514, 'special', 'online', 'pubWidget', '发布模块'),
(538, 514, 'special', 'online', 'addWidget', '添加模块'),
(539, 514, 'special', 'online', 'shareWidget', '共享模块'),
(540, 514, 'special', 'online', 'unshareWidget', '取消共享模块'),
(541, 514, 'special', 'online', 'setFrame', '设置框架'),
(542, 514, 'special', 'online', 'save', '保存'),
(543, 514, 'special', 'online', 'publish', '发布'),
(544, 514, 'special', 'online', 'offline', '下线'),
(545, 514, 'special', 'online', 'design', '设计'),
(546, 514, 'special', 'online', 'scheme', '查看和编辑方案'),
(547, 513, 'special', 'special', NULL, '专题管理'),
(548, 547, 'special', 'special', 'add', '添加'),
(549, 547, 'special', 'special', 'view', '查看'),
(550, 547, 'special', 'special', 'edit', '编辑'),
(551, 547, 'special', 'special', 'search', '搜索'),
(552, NULL, 'spider', NULL, NULL, '采集'),
(553, 552, 'spider', 'manager', NULL, '管理规则'),
(554, 553, 'spider', 'manager', 'index,page,sites', '浏览'),
(555, 553, 'spider', 'manager', 'addrule', '添加规则'),
(556, 553, 'spider', 'manager', 'editrule', '编辑规则'),
(557, 553, 'spider', 'manager', 'delrule', '删除规则'),
(559, 553, 'spider', 'manager', 'addSite', '添加网站'),
(560, 553, 'spider', 'manager', 'editSite', '编辑网站'),
(561, 553, 'spider', 'manager', 'delSite', '删除网站'),
(562, 553, 'spider', 'manager', 'addTask', '添加任务'),
(563, 553, 'spider', 'manager', 'export', '规则导出'),
(564, 553, 'spider', 'manager', 'import', '规则导入'),
(565, 553, 'spider', 'manager', 'selectRule,matchRule,saveTempTask', '选择规则'),
(566, 553, 'spider', 'manager', 'editTask', '编辑任务'),
(567, 553, 'spider', 'manager', 'delTask', '删除任务'),
(568, 553, 'spider', 'manager', 'testRule,testGetList,testGetDetail', '测试规则'),
(569, 552, 'spider', 'spider', NULL, '采集'),
(570, NULL, 'wap', NULL, NULL, 'WAP设置'),
(573, 179, 'activity', 'activity', 'delete', '删除'),
(574, 179, 'activity', 'activity', 'clear', '清空回收站'),
(575, 179, 'activity', 'activity', 'remove', '从回收站删除'),
(576, 179, 'activity', 'activity', 'restore', '恢复'),
(577, 179, 'activity', 'activity', 'restores', '恢复全部'),
(578, 179, 'activity', 'activity', 'approve', '送审'),
(579, 179, 'activity', 'activity', 'pass', '通过'),
(580, 179, 'activity', 'activity', 'reject', '退稿'),
(582, 179, 'activity', 'activity', 'publish', '发布'),
(583, 179, 'activity', 'activity', 'unpublish', '撤稿'),
(595, 240, 'interview', 'interview', 'delete', '删除'),
(596, 240, 'interview', 'interview', 'clear', '清空回收站'),
(597, 240, 'interview', 'interview', 'remove', '从回收站删除'),
(598, 240, 'interview', 'interview', 'restore', '恢复'),
(599, 240, 'interview', 'interview', 'restores', '恢复全部'),
(601, 240, 'interview', 'interview', 'pass', '通过'),
(602, 240, 'interview', 'interview', 'reject', '退稿'),
(604, 240, 'interview', 'interview', 'publish', '发布'),
(605, 240, 'interview', 'interview', 'unpublish', '撤稿'),
(617, 547, 'special', 'special', 'delete', '删除'),
(618, 547, 'special', 'special', 'clear', '清空回收站'),
(619, 547, 'special', 'special', 'remove', '从回收站删除'),
(620, 547, 'special', 'special', 'restore', '恢复'),
(621, 547, 'special', 'special', 'restores', '恢复全部'),
(623, 547, 'special', 'special', 'pass', '通过'),
(624, 547, 'special', 'special', 'reject', '退稿'),
(626, 547, 'special', 'special', 'publish', '发布'),
(627, 547, 'special', 'special', 'unpublish', '撤稿'),
(628, 225, 'survey', 'survey', 'delete', '删除'),
(629, 225, 'survey', 'survey', 'clear', '清空回收站'),
(630, 225, 'survey', 'survey', 'remove', '从回收站删除'),
(631, 225, 'survey', 'survey', 'restore', '恢复'),
(632, 225, 'survey', 'survey', 'restores', '恢复全部'),
(633, 225, 'survey', 'survey', 'approve', '送审'),
(634, 225, 'survey', 'survey', 'pass', '通过'),
(635, 225, 'survey', 'survey', 'reject', '退稿'),
(637, 225, 'survey', 'survey', 'publish', '发布'),
(638, 225, 'survey', 'survey', 'unpublish', '撤稿'),
(639, 164, 'video', 'video', 'delete', '删除'),
(640, 164, 'video', 'video', 'clear', '清空回收站'),
(641, 164, 'video', 'video', 'remove', '从回收站删除'),
(642, 164, 'video', 'video', 'restore', '恢复'),
(643, 164, 'video', 'video', 'restores', '恢复全部'),
(644, 164, 'video', 'video', 'approve', '送审'),
(645, 164, 'video', 'video', 'pass', '通过'),
(646, 164, 'video', 'video', 'reject', '退稿'),
(648, 164, 'video', 'video', 'publish', '发布'),
(649, 164, 'video', 'video', 'unpublish', '撤稿'),
(650, 200, 'vote', 'vote', 'delete', '删除'),
(651, 200, 'vote', 'vote', 'clear', '清空回收站'),
(652, 200, 'vote', 'vote', 'remove', '从回收站删除'),
(653, 200, 'vote', 'vote', 'restore', '恢复'),
(654, 200, 'vote', 'vote', 'restores', '恢复全部'),
(656, 200, 'vote', 'vote', 'pass', '通过'),
(657, 200, 'vote', 'vote', 'reject', '退稿'),
(659, 200, 'vote', 'vote', 'publish', '发布'),
(660, 200, 'vote', 'vote', 'unpublish', '撤稿'),
(661, 138, 'article', 'article', 'delete', '删除'),
(662, 138, 'article', 'article', 'clear', '清空回收站'),
(663, 138, 'article', 'article', 'remove', '从回收站删除'),
(664, 138, 'article', 'article', 'restore', '恢复'),
(665, 138, 'article', 'article', 'restores', '恢复全部'),
(666, 138, 'article', 'article', 'approve', '送审'),
(667, 138, 'article', 'article', 'pass', '通过'),
(668, 138, 'article', 'article', 'reject', '退稿'),
(670, 138, 'article', 'article', 'publish', '发布'),
(671, 138, 'article', 'article', 'unpublish', '撤稿'),
(672, NULL, 'mobile', NULL, NULL, '手机版'),
(673, 179, 'activity', 'activity', 'cron', '定时上下线'),
(674, 138, 'article', 'article', 'cron', '定时上下线'),
(675, NULL, 'cdn', NULL, NULL, 'CDN管理'),
(676, 675, 'cdn', 'cdn', NULL, 'CDN管理'),
(677, 676, 'cdn', 'cdn', 'index,page', 'CDN管理'),
(678, 676, 'cdn', 'cdn', 'add', '添加'),
(679, 676, 'cdn', 'cdn', 'edit', '编辑'),
(680, 676, 'cdn', 'cdn', 'getpsn', '获取发布点'),
(681, 676, 'cdn', 'cdn', 'del', '删除'),
(682, 676, 'cdn', 'cdn', 'interval', '定时同步'),
(683, 675, 'cdn', 'rules', NULL, '规则管理'),
(684, 683, 'cdn', 'rules', 'page', '规则列表'),
(685, 683, 'cdn', 'rules', 'add', '添加'),
(686, 683, 'cdn', 'rules', 'edit', '编辑'),
(687, 683, 'cdn', 'rules', 'delete', '删除'),
(688, 675, 'cdn', 'setting', NULL, 'CDN设置'),
(689, 688, 'cdn', 'setting', 'index,page', '设置管理'),
(690, 688, 'cdn', 'setting', 'add', '添加'),
(691, 688, 'cdn', 'setting', 'edit', '编辑'),
(692, 688, 'cdn', 'setting', 'delete', '删除'),
(748, 315, 'field', 'project', 'index,page', '方案浏览'),
(749, 315, 'field', 'project', 'design_view,sort,get_project_api,set_project_api,get_field_api,get_editfield_api', '浏览方案'),
(750, 323, 'freelist', 'freelist', 'cron', '计划任务'),
(751, 234, 'interview', 'chat', 'recommend', '精彩观点推荐'),
(752, 240, 'interview', 'interview', 'cron', '定时上下线'),
(753, 251, 'interview', 'question', 'edit', '编辑'),
(754, 261, 'link', 'link', 'delete', '删除'),
(755, 261, 'link', 'link', 'cron', '定时上下线'),
(756, 261, 'link', 'link', 'clear', '清空回收站'),
(757, 261, 'link', 'link', 'remove', '从回收站删除'),
(758, 261, 'link', 'link', 'restore', '恢复'),
(759, 261, 'link', 'link', 'restores', '恢复全部'),
(760, 261, 'link', 'link', 'approve', '送审'),
(761, 261, 'link', 'link', 'pass', '通过'),
(762, 261, 'link', 'link', 'reject', '退稿'),
(764, 261, 'link', 'link', 'publish', '发布'),
(765, 261, 'link', 'link', 'unpublish', '撤稿'),
(766, 356, 'magazine', 'setting', NULL, '设置'),
(767, 378, 'member', 'group', 'changegroup', '移动'),
(768, 672, 'mobile', 'index', NULL, '手机版'),
(769, 672, 'mobile', 'setting', NULL, '设置'),
(770, 419, 'page', 'page', 'view', '浏览'),
(771, 419, 'page', 'page', 'bakup,bakSuggest', '备份'),
(772, 419, 'page', 'page', 'cron', '计划任务'),
(773, 419, 'page', 'page', 'cron_bakup', '定时备份'),
(774, 437, 'page', 'section', 'cron', '计划任务'),
(775, 437, 'page', 'section', 'clear_early_log', '清除早期的日志'),
(776, 468, 'paper', 'setting', NULL, '设置'),
(777, 150, 'picture', 'picture', NULL, '组图管理'),
(778, 777, 'picture', 'picture', 'add', '添加'),
(779, 777, 'picture', 'picture', 'edit', '编辑'),
(780, 777, 'picture', 'picture', 'view', '查看'),
(781, 777, 'picture', 'picture', 'related', '相关'),
(782, 777, 'picture', 'picture', 'reference', '引用'),
(783, 777, 'picture', 'picture', 'move', '移动'),
(784, 777, 'picture', 'picture', 'remote', '远程采集'),
(785, 777, 'picture', 'picture', 'cron', '定时上下线'),
(786, 777, 'picture', 'picture', 'upload', '上传'),
(787, 777, 'picture', 'picture', 'image', '添加图片'),
(788, 777, 'picture', 'picture', 'delete_pic', '删除图片'),
(789, 777, 'picture', 'picture', 'delete', '删除'),
(790, 777, 'picture', 'picture', 'clear', '清空回收站'),
(791, 777, 'picture', 'picture', 'remove', '从回收站删除'),
(792, 777, 'picture', 'picture', 'restore', '恢复'),
(793, 777, 'picture', 'picture', 'restores', '恢复全部'),
(794, 777, 'picture', 'picture', 'approve', '送审'),
(795, 777, 'picture', 'picture', 'pass', '通过'),
(796, 777, 'picture', 'picture', 'reject', '退稿'),
(798, 777, 'picture', 'picture', 'publish', '发布'),
(799, 777, 'picture', 'picture', 'unpublish', '撤稿'),
(800, 504, 'push', 'push', NULL, '文章推送'),
(801, 505, 'rss', 'setting', NULL, 'RSS 设置'),
(802, 506, 'search', 'setting', NULL, '搜索设置'),
(803, 508, 'space', 'index', 'index,page,search,panel', '浏览'),
(804, 508, 'space', 'index', 'status', '启用禁用'),
(805, 514, 'special', 'online', 'editWidgetSetting', '编辑模块设置'),
(806, 514, 'special', 'online', 'useWidget', '使用模块'),
(807, 514, 'special', 'online', 'delScheme', '删除方案'),
(808, 514, 'special', 'online', 'cron', '定时更新'),
(809, 547, 'special', 'special', 'cron', '定时上下线'),
(810, 553, 'spider', 'manager', 'lsSite', '网站列表'),
(811, 217, 'survey', 'report', 'index,search', '浏览'),
(812, 225, 'survey', 'survey', 'code', '获取调用代码'),
(813, 225, 'survey', 'survey', 'cron', '定时上下线'),
(814, 3, 'system', 'administrator', 'index,page,catetree,pagetree,suggest,name', '浏览'),
(815, 3, 'system', 'administrator', 'add,myadd', '添加'),
(816, 3, 'system', 'administrator', 'edit,myedit', '编辑'),
(817, 3, 'system', 'administrator', 'delete,mydelete', '删除'),
(818, 3, 'system', 'administrator', 'stat', '工作报表'),
(819, 3, 'system', 'administrator', 'clonepriv', '克隆权限'),
(820, 1, 'system', 'app', NULL, '扩展管理'),
(821, 5, 'system', 'attachment', 'index,tinymce,picture,ls,recent,get_thumb', '浏览'),
(823, 30, 'system', 'content', 'compare', '对比标题'),
(824, 51, 'system', 'department', 'index,tree,select_tree,select_editor', '浏览'),
(825, 51, 'system', 'department', 'edit,myedit', '编辑'),
(826, 51, 'system', 'department', 'add,myadd', '添加'),
(827, 51, 'system', 'department', 'setRole', '设置部门角色'),
(828, 51, 'system', 'department', 'mySetRole', '设置角色'),
(829, 51, 'system', 'department', 'delete,mydelete', '删除'),
(830, 63, 'system', 'html', 'map,map_cron', '生成站点地图'),
(831, 63, 'system', 'html', 'tags,tags_cron', '生成标签列表'),
(832, 63, 'system', 'html', 'rank,rank_cron', '生成排行榜'),
(833, 63, 'system', 'html', 'roll,roll_cron', '生成滚动新闻'),
(834, 1, 'system', 'image', NULL, '图片处理'),
(835, 834, 'system', 'image', 'upload', '上传'),
(837, 834, 'system', 'image', 'thumb', '获取缩略图'),
(838, 834, 'system', 'image', 'zip', 'ZIP 包上传'),
(839, 1, 'system', 'imgeditor', NULL, '图片编辑器'),
(840, 839, 'system', 'imgeditor', 'setting', '设置'),
(841, 839, 'system', 'imgeditor', 'getWatermarkSchemes', '获取水印方案'),
(842, 839, 'system', 'imgeditor', 'getPresetSizes', '获取预设尺寸'),
(843, 839, 'system', 'imgeditor', 'getPresetRatio', '获取预设比率'),
(844, 839, 'system', 'imgeditor', 'loadImage', '读取图片'),
(845, 839, 'system', 'imgeditor', 'saveImage', '保存图片'),
(846, 76, 'system', 'picker', 'index', '浏览'),
(847, 87, 'system', 'psn', 'index,page', '浏览'),
(848, 98, 'system', 'role', 'index,page,dropdown', '浏览'),
(849, 98, 'system', 'role', 'add', '添加'),
(850, 98, 'system', 'role', 'edit', '编辑'),
(851, 98, 'system', 'role', 'delete,mydelete', '删除'),
(852, 104, 'system', 'source', 'index,page,search,name_exists,name', '浏览'),
(853, 111, 'system', 'tag', 'index,page,suggest,search', '浏览'),
(854, 116, 'system', 'template', 'tag_db,tag_content,tag_discuz,tag_phpwind,tag_shopex,memdiscuzdsn,memphpwinddsn,memshopexdsn,load_shopex,suggestShopexBrand,pageShopexBrand,load_phpwind,load_discuz,suggestPhpwindUser,suggestDiscuzUser,pagePhpwindUser,pageDiscuzUser', '标签'),
(856, 129, 'system', 'tweets', 'index,page', '浏览'),
(857, 1, 'system', 'watermark', NULL, '水印方案'),
(858, 857, 'system', 'watermark', 'index,page', '浏览'),
(859, 857, 'system', 'watermark', 'add', '添加'),
(860, 857, 'system', 'watermark', 'edit', '编辑'),
(861, 857, 'system', 'watermark', 'set_default', '设为默认'),
(862, 857, 'system', 'watermark', 'disable', '禁用'),
(863, 857, 'system', 'watermark', 'enable', '启用'),
(864, 857, 'system', 'watermark', 'delete', '删除'),
(865, 857, 'system', 'watermark', 'upload', '上传'),
(866, 164, 'video', 'video', 'code', '获取调用代码'),
(867, 164, 'video', 'video', 'cron', '定时上下线'),
(868, 197, 'vote', 'log_data', NULL, '投票结果记录'),
(869, 200, 'vote', 'vote', 'view', '查看'),
(870, 200, 'vote', 'vote', 'code', '获取调用代码'),
(871, 200, 'vote', 'vote', 'cron', '定时上下线'),
(872, 570, 'wap', 'setting', NULL, 'Wap 设置'),
(873, 547, 'special', 'special', 'move', '移动'),
(874, 173, 'video', 'vms', 'ls', '列表'),
(875, 173, 'video', 'vms', 'info,info_by_file', '查看视频信息'),
(876, 173, 'video', 'vms', 'setinfo', '设置视频信息'),
(877, 173, 'video', 'vms', 'delete', '删除');

-- --------------------------------------------------------

--
-- 表的结构 `cmstop_department`
--

DROP TABLE IF EXISTS `cmstop_department`;
CREATE TABLE IF NOT EXISTS `cmstop_department` (
  `departmentid` tinyint(3) unsigned NOT NULL AUTO_INCREMENT,
  `parentid` tinyint(3) unsigned DEFAULT NULL,
  `parentids` varchar(255) DEFAULT NULL,
  `childids` text,
  `name` varchar(20) NOT NULL,
  `sort` tinyint(3) unsigned DEFAULT '0',
  `leaderid` tinyint(3) unsigned DEFAULT NULL,
  `posts` mediumint(8) unsigned NOT NULL DEFAULT '0',
  `comments` mediumint(8) unsigned NOT NULL DEFAULT '0',
  `pv` int(10) unsigned NOT NULL DEFAULT '0',
  PRIMARY KEY (`departmentid`),
  KEY `parentid` (`parentid`),
  KEY `leaderid` (`leaderid`)
) ENGINE=InnoDB  DEFAULT CHARSET=utf8 AUTO_INCREMENT=6 ;

--
-- 转存表中的数据 `cmstop_department`
--

INSERT INTO `cmstop_department` (`departmentid`, `parentid`, `parentids`, `childids`, `name`, `sort`, `leaderid`, `posts`, `comments`, `pv`) VALUES
(1, NULL, NULL, '3,4,5', '编辑部', 0, 2, 0, 0, 0),
(2, NULL, NULL, NULL, '技术部', 0, 12, 0, 0, 0),
(3, 1, '1', NULL, '新闻频道', 0, 3, 0, 0, 0),
(4, 1, '1', NULL, '娱乐频道', 0, 3, 0, 0, 0),
(5, 1, '1', NULL, '科技频道', 0, 3, 0, 0, 0);

-- --------------------------------------------------------

--
-- 表的结构 `cmstop_department_role`
--

DROP TABLE IF EXISTS `cmstop_department_role`;
CREATE TABLE IF NOT EXISTS `cmstop_department_role` (
  `departmentid` tinyint(3) unsigned NOT NULL,
  `roleid` tinyint(3) unsigned NOT NULL,
  KEY `roleid` (`roleid`),
  KEY `departmentid` (`departmentid`,`roleid`)
) ENGINE=InnoDB DEFAULT CHARSET=utf8;

--
-- 转存表中的数据 `cmstop_department_role`
--

INSERT INTO `cmstop_department_role` (`departmentid`, `roleid`) VALUES
(1, 2),
(1, 9),
(1, 10),
(1, 11),
(2, 1),
(3, 3),
(3, 4),
(3, 5),
(3, 6),
(3, 7),
(4, 3),
(4, 4),
(4, 5),
(4, 6),
(4, 7),
(5, 3),
(5, 4),
(5, 5),
(5, 6),
(5, 7);

-- --------------------------------------------------------

--
-- 表的结构 `cmstop_role`
--

DROP TABLE IF EXISTS `cmstop_role`;
CREATE TABLE IF NOT EXISTS `cmstop_role` (
  `roleid` tinyint(3) unsigned NOT NULL AUTO_INCREMENT,
  `name` char(20) NOT NULL,
  PRIMARY KEY (`roleid`)
) ENGINE=InnoDB  DEFAULT CHARSET=utf8 AUTO_INCREMENT=14 ;

--
-- 转存表中的数据 `cmstop_role`
--

INSERT INTO `cmstop_role` (`roleid`, `name`) VALUES
(1, '超级管理员'),
(2, '总编辑'),
(3, '频道主编'),
(4, '页面编辑'),
(5, '区块编辑'),
(6, '内容编辑'),
(7, '发稿员'),
(9, '会员管理员'),
(10, '报纸管理员'),
(11, '杂志管理员'),
(13, '评论管理员');

-- --------------------------------------------------------

--
-- 表的结构 `cmstop_role_aca`
--

DROP TABLE IF EXISTS `cmstop_role_aca`;
CREATE TABLE IF NOT EXISTS `cmstop_role_aca` (
  `roleid` tinyint(3) unsigned NOT NULL DEFAULT '0',
  `acaid` smallint(5) unsigned NOT NULL DEFAULT '0',
  PRIMARY KEY (`roleid`,`acaid`),
  KEY `acaid` (`acaid`)
) ENGINE=InnoDB DEFAULT CHARSET=utf8;

--
-- 转存表中的数据 `cmstop_role_aca`
--

INSERT INTO `cmstop_role_aca` (`roleid`, `acaid`) VALUES
(2, 5),
(3, 9),
(6, 9),
(3, 12),
(6, 12),
(3, 13),
(4, 13),
(5, 13),
(6, 13),
(7, 13),
(3, 14),
(5, 14),
(6, 14),
(2, 16),
(2, 18),
(2, 20),
(2, 27),
(2, 30),
(3, 30),
(6, 31),
(7, 31),
(6, 32),
(7, 32),
(6, 33),
(6, 34),
(6, 35),
(7, 35),
(2, 37),
(3, 37),
(6, 38),
(2, 40),
(3, 40),
(6, 41),
(6, 42),
(2, 44),
(3, 44),
(6, 45),
(6, 46),
(6, 47),
(2, 58),
(3, 58),
(6, 59),
(6, 60),
(2, 63),
(3, 63),
(6, 63),
(2, 70),
(3, 70),
(6, 71),
(6, 72),
(2, 76),
(3, 76),
(2, 80),
(3, 80),
(6, 81),
(6, 82),
(6, 83),
(6, 86),
(2, 92),
(3, 92),
(6, 92),
(2, 93),
(3, 93),
(6, 93),
(2, 94),
(3, 94),
(3, 95),
(6, 95),
(2, 96),
(3, 96),
(6, 96),
(2, 97),
(3, 97),
(6, 97),
(2, 99),
(3, 99),
(6, 101),
(2, 104),
(3, 104),
(6, 106),
(2, 109),
(3, 109),
(2, 110),
(3, 110),
(2, 111),
(3, 111),
(6, 113),
(6, 114),
(2, 117),
(3, 117),
(6, 117),
(2, 129),
(6, 133),
(2, 136),
(2, 137),
(3, 137),
(6, 139),
(7, 139),
(6, 140),
(6, 141),
(7, 141),
(6, 142),
(7, 142),
(6, 143),
(6, 145),
(7, 145),
(6, 146),
(6, 147),
(7, 147),
(6, 148),
(2, 150),
(3, 150),
(6, 151),
(2, 163),
(3, 163),
(6, 163),
(2, 164),
(3, 164),
(6, 165),
(6, 166),
(6, 167),
(6, 168),
(6, 169),
(6, 170),
(6, 171),
(2, 174),
(3, 174),
(6, 174),
(2, 175),
(3, 175),
(6, 175),
(2, 176),
(3, 176),
(6, 176),
(2, 178),
(3, 178),
(6, 180),
(6, 181),
(6, 182),
(6, 183),
(6, 184),
(6, 185),
(6, 186),
(6, 187),
(6, 188),
(6, 190),
(2, 197),
(3, 197),
(6, 198),
(6, 199),
(6, 201),
(6, 202),
(6, 204),
(6, 205),
(6, 206),
(2, 207),
(3, 207),
(6, 208),
(6, 209),
(6, 210),
(6, 217),
(6, 226),
(6, 227),
(6, 228),
(6, 229),
(6, 230),
(6, 231),
(6, 232),
(2, 233),
(3, 233),
(6, 234),
(6, 239),
(6, 241),
(6, 242),
(6, 243),
(6, 244),
(6, 245),
(6, 246),
(6, 247),
(6, 248),
(6, 249),
(6, 250),
(6, 251),
(2, 260),
(3, 260),
(6, 262),
(6, 263),
(6, 264),
(6, 265),
(6, 266),
(6, 267),
(2, 269),
(3, 269),
(6, 269),
(13, 269),
(2, 289),
(6, 291),
(3, 292),
(3, 293),
(3, 294),
(2, 300),
(3, 300),
(2, 302),
(3, 302),
(6, 302),
(2, 312),
(6, 313),
(2, 322),
(3, 322),
(6, 322),
(2, 356),
(11, 356),
(9, 377),
(9, 378),
(9, 384),
(9, 397),
(2, 406),
(3, 406),
(2, 414),
(3, 414),
(4, 415),
(5, 415),
(6, 417),
(4, 421),
(5, 421),
(4, 422),
(4, 423),
(4, 424),
(4, 425),
(4, 426),
(5, 426),
(4, 427),
(5, 427),
(4, 430),
(4, 431),
(4, 434),
(4, 437),
(5, 438),
(5, 440),
(5, 441),
(5, 442),
(5, 443),
(5, 444),
(5, 445),
(5, 446),
(5, 447),
(5, 448),
(5, 449),
(5, 450),
(5, 451),
(5, 452),
(5, 453),
(5, 454),
(5, 455),
(5, 456),
(5, 459),
(5, 461),
(5, 463),
(4, 464),
(2, 468),
(10, 468),
(2, 504),
(2, 505),
(2, 507),
(2, 513),
(3, 513),
(6, 513),
(2, 552),
(3, 569),
(6, 569),
(6, 573),
(6, 576),
(6, 578),
(6, 579),
(6, 580),
(6, 582),
(6, 583),
(6, 595),
(6, 598),
(6, 601),
(6, 602),
(6, 604),
(6, 605),
(6, 628),
(6, 631),
(6, 633),
(6, 634),
(6, 635),
(6, 637),
(6, 638),
(6, 639),
(6, 642),
(6, 644),
(6, 645),
(6, 646),
(6, 648),
(6, 649),
(6, 650),
(6, 653),
(6, 656),
(6, 657),
(6, 659),
(6, 660),
(6, 661),
(6, 664),
(6, 666),
(6, 667),
(6, 668),
(6, 670),
(6, 671),
(6, 673),
(6, 674),
(6, 752),
(6, 754),
(6, 755),
(6, 758),
(6, 760),
(6, 761),
(6, 762),
(6, 764),
(6, 765),
(4, 770),
(5, 770),
(4, 771),
(4, 772),
(4, 773),
(6, 775),
(7, 776),
(6, 778),
(7, 778),
(6, 779),
(7, 779),
(6, 780),
(7, 780),
(6, 781),
(6, 782),
(7, 782),
(6, 783),
(7, 783),
(6, 784),
(7, 784),
(6, 785),
(7, 785),
(6, 786),
(7, 786),
(6, 787),
(6, 788),
(6, 789),
(6, 792),
(6, 794),
(6, 795),
(6, 796),
(6, 798),
(6, 799),
(6, 812),
(6, 813),
(3, 821),
(5, 821),
(6, 821),
(2, 834),
(3, 834),
(6, 835),
(6, 837),
(6, 838),
(2, 839),
(3, 841),
(5, 841),
(6, 841),
(3, 842),
(5, 842),
(6, 842),
(3, 843),
(5, 843),
(6, 843),
(3, 844),
(5, 844),
(6, 844),
(3, 845),
(5, 845),
(6, 845),
(2, 847),
(6, 866),
(6, 867),
(6, 868),
(6, 869),
(6, 870),
(6, 871),
(6, 874),
(6, 875),
(6, 876);

--
-- 限制导出的表
--

--
-- 限制表 `cmstop_aca`
--
ALTER TABLE `cmstop_aca`
  ADD CONSTRAINT `cmstop_aca_ibfk_1` FOREIGN KEY (`parentid`) REFERENCES `cmstop_aca` (`acaid`) ON DELETE CASCADE;

--
-- 限制表 `cmstop_department`
--
ALTER TABLE `cmstop_department`
  ADD CONSTRAINT `cmstop_department_ibfk_2` FOREIGN KEY (`leaderid`) REFERENCES `cmstop_role` (`roleid`) ON DELETE SET NULL;

--
-- 限制表 `cmstop_department_role`
--
ALTER TABLE `cmstop_department_role`
  ADD CONSTRAINT `cmstop_department_role_ibfk_1` FOREIGN KEY (`departmentid`) REFERENCES `cmstop_department` (`departmentid`) ON DELETE CASCADE,
  ADD CONSTRAINT `cmstop_department_role_ibfk_2` FOREIGN KEY (`roleid`) REFERENCES `cmstop_role` (`roleid`) ON DELETE CASCADE;

--
-- 限制表 `cmstop_role_aca`
--
ALTER TABLE `cmstop_role_aca`
  ADD CONSTRAINT `cmstop_role_aca_ibfk_1` FOREIGN KEY (`acaid`) REFERENCES `cmstop_aca` (`acaid`) ON DELETE CASCADE,
  ADD CONSTRAINT `cmstop_role_aca_ibfk_2` FOREIGN KEY (`roleid`) REFERENCES `cmstop_role` (`roleid`) ON DELETE CASCADE;
SET FOREIGN_KEY_CHECKS=1;
