/*
Navicat MySQL Data Transfer

Source Server         : 192.168.1.22
Source Server Version : 50091
Source Host           : 192.168.1.22:3306
Source Database       : cmstop_3860

Target Server Type    : MYSQL
Target Server Version : 50091
File Encoding         : 65001

Date: 2011-10-31 11:03:53
*/

SET FOREIGN_KEY_CHECKS=0;
-- ----------------------------
-- Table structure for `cmstop_aca`
-- ----------------------------
DROP TABLE IF EXISTS `cmstop_aca`;
CREATE TABLE `cmstop_aca` (
  `acaid` smallint(5) unsigned NOT NULL auto_increment,
  `parentid` smallint(5) unsigned default NULL,
  `app` varchar(15) NOT NULL,
  `controller` varchar(30) default NULL,
  `action` varchar(255) default NULL,
  `name` varchar(30) NOT NULL,
  PRIMARY KEY  (`acaid`),
  UNIQUE KEY `app` (`app`,`controller`,`action`),
  KEY `parentid` (`parentid`)
) ENGINE=InnoDB AUTO_INCREMENT=672 DEFAULT CHARSET=utf8;

-- ----------------------------
-- Records of cmstop_aca
-- ----------------------------
INSERT INTO cmstop_aca VALUES ('1', null, 'system', null, null, '系统');
INSERT INTO cmstop_aca VALUES ('2', '1', 'system', 'aca', null, '权限');
INSERT INTO cmstop_aca VALUES ('3', '1', 'system', 'administrator', null, '管理员');
INSERT INTO cmstop_aca VALUES ('4', '1', 'system', 'adminlog', null, '操作日志');
INSERT INTO cmstop_aca VALUES ('5', '1', 'system', 'attachment', null, '附件管理');
INSERT INTO cmstop_aca VALUES ('6', '5', 'system', 'attachment', 'index,ls,get_thumb,download_folder,send_header,download_file,recent', '浏览');
INSERT INTO cmstop_aca VALUES ('7', '5', 'system', 'attachment', 'delete_file', '删除文件');
INSERT INTO cmstop_aca VALUES ('8', '5', 'system', 'attachment', 'delete_folder', '删除文件夹');
INSERT INTO cmstop_aca VALUES ('9', '5', 'system', 'attachment', 'paste_file', '粘贴文件');
INSERT INTO cmstop_aca VALUES ('10', '5', 'system', 'attachment', 'rename_file', '重命名文件');
INSERT INTO cmstop_aca VALUES ('11', '5', 'system', 'attachment', 'rename_folder', '重命名文件夹');
INSERT INTO cmstop_aca VALUES ('12', '5', 'system', 'attachment', 'mkdir', '新建文件夹');
INSERT INTO cmstop_aca VALUES ('13', '5', 'system', 'attachment', 'imageEditor,edit_image,edit_image_submit,create_words_image,crop_image,create_image_from_file,add_word_do', '编辑图片');
INSERT INTO cmstop_aca VALUES ('14', '5', 'system', 'attachment', 'download_folder,send_header,download_file,download_file', '下载');
INSERT INTO cmstop_aca VALUES ('16', '1', 'system', 'cache', null, '更新缓存');
INSERT INTO cmstop_aca VALUES ('17', '1', 'system', 'category', null, '栏目管理');
INSERT INTO cmstop_aca VALUES ('18', '17', 'system', 'category', 'index,reload', '浏览');
INSERT INTO cmstop_aca VALUES ('19', '17', 'system', 'category', 'add', '新建');
INSERT INTO cmstop_aca VALUES ('20', '17', 'system', 'category', 'edit', '编辑');
INSERT INTO cmstop_aca VALUES ('21', '17', 'system', 'category', 'delete', '删除');
INSERT INTO cmstop_aca VALUES ('22', '17', 'system', 'category', 'move', '移动');
INSERT INTO cmstop_aca VALUES ('23', '17', 'system', 'category', 'repair', '修复');
INSERT INTO cmstop_aca VALUES ('24', '17', 'system', 'category', 'dropcate,name,path,cate', '栏目数据调用');
INSERT INTO cmstop_aca VALUES ('25', '17', 'system', 'category', 'search,searchall', '搜索栏目');
INSERT INTO cmstop_aca VALUES ('26', '1', 'system', 'category_priv', null, '栏目权限');
INSERT INTO cmstop_aca VALUES ('27', '26', 'system', 'category_priv', 'index', '浏览');
INSERT INTO cmstop_aca VALUES ('28', '26', 'system', 'category_priv', 'add', '添加');
INSERT INTO cmstop_aca VALUES ('29', '26', 'system', 'category_priv', 'delete', '删除');
INSERT INTO cmstop_aca VALUES ('30', '1', 'system', 'content', null, '内容管理');
INSERT INTO cmstop_aca VALUES ('31', '30', 'system', 'content', 'index,page,search,islock', '浏览');
INSERT INTO cmstop_aca VALUES ('32', '30', 'system', 'content', 'edit', '编辑');
INSERT INTO cmstop_aca VALUES ('33', '30', 'system', 'content', 'delete', '删除');
INSERT INTO cmstop_aca VALUES ('34', '30', 'system', 'content', 'move', '移动');
INSERT INTO cmstop_aca VALUES ('35', '30', 'system', 'content', 'reference', '引用');
INSERT INTO cmstop_aca VALUES ('36', '30', 'system', 'content', 'clear', '清空');
INSERT INTO cmstop_aca VALUES ('37', '1', 'system', 'content_log', null, '内容日志');
INSERT INTO cmstop_aca VALUES ('38', '37', 'system', 'content_log', 'index,page,search', '浏览');
INSERT INTO cmstop_aca VALUES ('39', '37', 'system', 'content_log', 'delete', '删除');
INSERT INTO cmstop_aca VALUES ('40', '1', 'system', 'content_note', null, '批注');
INSERT INTO cmstop_aca VALUES ('41', '40', 'system', 'content_note', 'index,page,search', '浏览');
INSERT INTO cmstop_aca VALUES ('42', '40', 'system', 'content_note', 'add', '添加');
INSERT INTO cmstop_aca VALUES ('43', '40', 'system', 'content_note', 'delete', '删除');
INSERT INTO cmstop_aca VALUES ('44', '1', 'system', 'content_version', null, '版本');
INSERT INTO cmstop_aca VALUES ('45', '44', 'system', 'content_version', 'index,view', '浏览');
INSERT INTO cmstop_aca VALUES ('46', '44', 'system', 'content_version', 'add', '添加');
INSERT INTO cmstop_aca VALUES ('47', '44', 'system', 'content_version', 'restore', '恢复');
INSERT INTO cmstop_aca VALUES ('48', '44', 'system', 'content_version', 'delete', '删除');
INSERT INTO cmstop_aca VALUES ('49', '1', 'system', 'cron', null, '计划任务');
INSERT INTO cmstop_aca VALUES ('50', '1', 'system', 'database', null, '数据库');
INSERT INTO cmstop_aca VALUES ('51', '1', 'system', 'department', null, '部门');
INSERT INTO cmstop_aca VALUES ('52', '1', 'system', 'dsn', null, '数据源管理');
INSERT INTO cmstop_aca VALUES ('53', '52', 'system', 'dsn', 'index,page,exists,test', '浏览');
INSERT INTO cmstop_aca VALUES ('54', '52', 'system', 'dsn', 'add', '添加');
INSERT INTO cmstop_aca VALUES ('55', '52', 'system', 'dsn', 'edit', '编辑');
INSERT INTO cmstop_aca VALUES ('56', '52', 'system', 'dsn', 'delete', '删除');
INSERT INTO cmstop_aca VALUES ('57', '1', 'system', 'file', null, '文件');
INSERT INTO cmstop_aca VALUES ('58', '1', 'system', 'filterword', null, '词语过滤');
INSERT INTO cmstop_aca VALUES ('59', '58', 'system', 'filterword', 'index,page,search', '浏览');
INSERT INTO cmstop_aca VALUES ('60', '58', 'system', 'filterword', 'add', '添加');
INSERT INTO cmstop_aca VALUES ('61', '58', 'system', 'filterword', 'edit', '编辑');
INSERT INTO cmstop_aca VALUES ('62', '58', 'system', 'filterword', 'delete', '删除');
INSERT INTO cmstop_aca VALUES ('63', '1', 'system', 'html', null, '页面生成');
INSERT INTO cmstop_aca VALUES ('64', '63', 'system', 'html', 'index,cate', '浏览');
INSERT INTO cmstop_aca VALUES ('65', '63', 'system', 'html', 'map,tags,rank', '生成站点地图、标签、排行榜');
INSERT INTO cmstop_aca VALUES ('66', '63', 'system', 'html', 'show', '生成内容页');
INSERT INTO cmstop_aca VALUES ('67', '63', 'system', 'html', 'category,ls,ls_create,ls_create_all,createCate,createIndex', '生成栏目页、首页');
INSERT INTO cmstop_aca VALUES ('68', '1', 'system', 'import', null, '数据导入');
INSERT INTO cmstop_aca VALUES ('69', '1', 'system', 'ipbanned', null, 'ip禁止');
INSERT INTO cmstop_aca VALUES ('70', '1', 'system', 'keylink', null, '关键词链接');
INSERT INTO cmstop_aca VALUES ('71', '70', 'system', 'keylink', 'index,page,search', '浏览');
INSERT INTO cmstop_aca VALUES ('72', '70', 'system', 'keylink', 'add,content_index,edit', '添加、编辑');
INSERT INTO cmstop_aca VALUES ('73', '70', 'system', 'keylink', 'delete', '删除');
INSERT INTO cmstop_aca VALUES ('74', '1', 'system', 'menu', null, '菜单');
INSERT INTO cmstop_aca VALUES ('75', '1', 'system', 'model', null, '内容模型');
INSERT INTO cmstop_aca VALUES ('76', '1', 'system', 'picker', null, '数据选择器');
INSERT INTO cmstop_aca VALUES ('77', '76', 'system', 'picker', 'index,page,pick', '显示');
INSERT INTO cmstop_aca VALUES ('78', '76', 'system', 'picker', 'add', '添加');
INSERT INTO cmstop_aca VALUES ('79', '76', 'system', 'picker', 'edit', '编辑');
INSERT INTO cmstop_aca VALUES ('80', '1', 'system', 'property', null, '属性设置');
INSERT INTO cmstop_aca VALUES ('81', '80', 'system', 'property', 'index,cate,path,reload,dropcate,name,search,note', '浏览');
INSERT INTO cmstop_aca VALUES ('82', '80', 'system', 'property', 'add', '添加');
INSERT INTO cmstop_aca VALUES ('83', '80', 'system', 'property', 'edit', '编辑');
INSERT INTO cmstop_aca VALUES ('84', '80', 'system', 'property', 'delete', '删除');
INSERT INTO cmstop_aca VALUES ('85', '80', 'system', 'property', 'move', '移动');
INSERT INTO cmstop_aca VALUES ('86', '80', 'system', 'property', 'repair', '修复');
INSERT INTO cmstop_aca VALUES ('87', '1', 'system', 'psn', null, '发布点');
INSERT INTO cmstop_aca VALUES ('88', '87', 'system', 'psn', 'index,page,select,dir,load', '浏览');
INSERT INTO cmstop_aca VALUES ('89', '87', 'system', 'psn', 'add', '添加');
INSERT INTO cmstop_aca VALUES ('90', '87', 'system', 'psn', 'edit', '编辑');
INSERT INTO cmstop_aca VALUES ('91', '87', 'system', 'psn', 'delete', '删除');
INSERT INTO cmstop_aca VALUES ('92', '87', 'system', 'psn', 'mkdir', '新建目录');
INSERT INTO cmstop_aca VALUES ('93', '87', 'system', 'psn', 'mkfile', '新建文件');
INSERT INTO cmstop_aca VALUES ('94', '87', 'system', 'psn', 'rename', '重命名');
INSERT INTO cmstop_aca VALUES ('95', '87', 'system', 'psn', 'remove', '删除文件目录');
INSERT INTO cmstop_aca VALUES ('96', '1', 'system', 'rank', null, '排行榜');
INSERT INTO cmstop_aca VALUES ('97', '1', 'system', 'related', null, '相关内容');
INSERT INTO cmstop_aca VALUES ('98', '1', 'system', 'role', null, '角色');
INSERT INTO cmstop_aca VALUES ('99', '1', 'system', 'score', null, '评分');
INSERT INTO cmstop_aca VALUES ('100', '99', 'system', 'score', 'index,edit,editor,score_edit', '评分');
INSERT INTO cmstop_aca VALUES ('101', '99', 'system', 'score', 'view,page', '评分记录');
INSERT INTO cmstop_aca VALUES ('102', '1', 'system', 'setting', null, '全局配置');
INSERT INTO cmstop_aca VALUES ('103', '1', 'system', 'sitemaps', null, '网站地图');
INSERT INTO cmstop_aca VALUES ('104', '1', 'system', 'source', null, '来源');
INSERT INTO cmstop_aca VALUES ('105', '104', 'system', 'source', 'index,page,search,name_exists,suggest,name', '浏览');
INSERT INTO cmstop_aca VALUES ('106', '104', 'system', 'source', 'add', '添加');
INSERT INTO cmstop_aca VALUES ('107', '104', 'system', 'source', 'edit', '编辑');
INSERT INTO cmstop_aca VALUES ('108', '104', 'system', 'source', 'delete', '删除');
INSERT INTO cmstop_aca VALUES ('109', '1', 'system', 'stat', null, '统计');
INSERT INTO cmstop_aca VALUES ('110', '1', 'system', 'stat_examine', null, '编辑考核');
INSERT INTO cmstop_aca VALUES ('111', '1', 'system', 'tag', null, 'Tags管理');
INSERT INTO cmstop_aca VALUES ('112', '111', 'system', 'tag', 'index,page,suggest,search,get_tags', '浏览');
INSERT INTO cmstop_aca VALUES ('113', '111', 'system', 'tag', 'add', '添加');
INSERT INTO cmstop_aca VALUES ('114', '111', 'system', 'tag', 'edit', '编辑');
INSERT INTO cmstop_aca VALUES ('115', '111', 'system', 'tag', 'delete', '删除');
INSERT INTO cmstop_aca VALUES ('116', '1', 'system', 'template', null, '模板');
INSERT INTO cmstop_aca VALUES ('117', '116', 'system', 'template', 'index,page,spage,selector,dir,chdir,showtpl,loadtpl,loadclip', '显示');
INSERT INTO cmstop_aca VALUES ('118', '116', 'system', 'template', 'edit', '编辑');
INSERT INTO cmstop_aca VALUES ('119', '116', 'system', 'template', 'alias', '别名');
INSERT INTO cmstop_aca VALUES ('120', '116', 'system', 'template', 'add', '添加');
INSERT INTO cmstop_aca VALUES ('121', '116', 'system', 'template', 'delete', '删除');
INSERT INTO cmstop_aca VALUES ('122', '116', 'system', 'template', 'addclip', '添加剪辑');
INSERT INTO cmstop_aca VALUES ('123', '116', 'system', 'template', 'editclip', '编辑剪辑');
INSERT INTO cmstop_aca VALUES ('124', '116', 'system', 'template', 'delclip', '删除剪辑');
INSERT INTO cmstop_aca VALUES ('125', '116', 'system', 'template', 'preview', '预览');
INSERT INTO cmstop_aca VALUES ('126', '116', 'system', 'template', 'tag_db,tag_content,tag_discuz,tag_phpwind,tag_shopex,memdiscuzdsn,memphpwinddsn,memshopexdsn,load_shopex,suggestShopBrand,pageShopexBrand,load_phpwind,load_discuz,suggestPhpwindUser,suggestDiscuzUser,pagePhpwindUser,pageDiscuzUser\r\n', '标签');
INSERT INTO cmstop_aca VALUES ('127', '116', 'system', 'template', 'edittpl', '模板重命名');
INSERT INTO cmstop_aca VALUES ('128', '116', 'system', 'template', 'upload', '上传');
INSERT INTO cmstop_aca VALUES ('129', '1', 'system', 'tweets', null, '转发管理');
INSERT INTO cmstop_aca VALUES ('130', '129', 'system', 'tweets', 'index,page,sina,sina_update', '浏览');
INSERT INTO cmstop_aca VALUES ('131', '129', 'system', 'tweets', 'add', '添加');
INSERT INTO cmstop_aca VALUES ('132', '129', 'system', 'tweets', 'edit', '编辑');
INSERT INTO cmstop_aca VALUES ('133', '129', 'system', 'tweets', 'forward,forward_pic,forward_check', '转发');
INSERT INTO cmstop_aca VALUES ('134', '129', 'system', 'tweets', 'delete', '删除');
INSERT INTO cmstop_aca VALUES ('135', '1', 'system', 'upload', null, '上传');
INSERT INTO cmstop_aca VALUES ('136', '1', 'system', 'workflow', null, '工作流');
INSERT INTO cmstop_aca VALUES ('137', null, 'article', null, null, '文章');
INSERT INTO cmstop_aca VALUES ('138', '137', 'article', 'article', null, '文章');
INSERT INTO cmstop_aca VALUES ('139', '138', 'article', 'article', 'add,miniadd', '添加');
INSERT INTO cmstop_aca VALUES ('140', '138', 'article', 'article', 'edit,miniedit', '编辑');
INSERT INTO cmstop_aca VALUES ('141', '138', 'article', 'article', 'view', '查看');
INSERT INTO cmstop_aca VALUES ('142', '138', 'article', 'article', 'related', '相关');
INSERT INTO cmstop_aca VALUES ('143', '138', 'article', 'article', 'copy', '复制');
INSERT INTO cmstop_aca VALUES ('144', '138', 'article', 'article', 'clear_contribution', '清空投稿');
INSERT INTO cmstop_aca VALUES ('145', '138', 'article', 'article', 'reference', '引用');
INSERT INTO cmstop_aca VALUES ('146', '138', 'article', 'article', 'move', '移动');
INSERT INTO cmstop_aca VALUES ('147', '138', 'article', 'article', 'thumb', '缩略图');
INSERT INTO cmstop_aca VALUES ('148', '137', 'article', 'html', null, '页面生成');
INSERT INTO cmstop_aca VALUES ('149', '137', 'article', 'setting', null, '文章设置');
INSERT INTO cmstop_aca VALUES ('150', null, 'picture', null, null, '组图');
INSERT INTO cmstop_aca VALUES ('151', '150', 'picture', 'html', null, '组图生成');
INSERT INTO cmstop_aca VALUES ('152', '150', 'picture', 'picture', null, '组图管理');
INSERT INTO cmstop_aca VALUES ('153', '152', 'picture', 'picture', 'add', '添加');
INSERT INTO cmstop_aca VALUES ('154', '152', 'picture', 'picture', 'edit', '编辑');
INSERT INTO cmstop_aca VALUES ('155', '152', 'picture', 'picture', 'view', '查看');
INSERT INTO cmstop_aca VALUES ('156', '152', 'picture', 'picture', 'related', '相关');
INSERT INTO cmstop_aca VALUES ('157', '152', 'picture', 'picture', 'reference', '引用');
INSERT INTO cmstop_aca VALUES ('158', '152', 'picture', 'picture', 'move', '移动');
INSERT INTO cmstop_aca VALUES ('159', '152', 'picture', 'picture', 'remote', '远程采集');
INSERT INTO cmstop_aca VALUES ('160', '152', 'picture', 'picture', 'upload', '上传');
INSERT INTO cmstop_aca VALUES ('161', '150', 'picture', 'setting', null, '设置');
INSERT INTO cmstop_aca VALUES ('162', null, 'video', null, null, '视频');
INSERT INTO cmstop_aca VALUES ('163', '162', 'video', 'html', null, '视频生成');
INSERT INTO cmstop_aca VALUES ('164', '162', 'video', 'video', null, '视频管理');
INSERT INTO cmstop_aca VALUES ('165', '164', 'video', 'video', 'add', '添加');
INSERT INTO cmstop_aca VALUES ('166', '164', 'video', 'video', 'edit', '编辑');
INSERT INTO cmstop_aca VALUES ('167', '164', 'video', 'video', 'view', '查看');
INSERT INTO cmstop_aca VALUES ('168', '164', 'video', 'video', 'related', '相关');
INSERT INTO cmstop_aca VALUES ('169', '164', 'video', 'video', 'reference', '引用');
INSERT INTO cmstop_aca VALUES ('170', '164', 'video', 'video', 'move', '移动');
INSERT INTO cmstop_aca VALUES ('171', '164', 'video', 'video', 'upload', '上传');
INSERT INTO cmstop_aca VALUES ('172', '164', 'video', 'video', 'setccid', '设置ccid');
INSERT INTO cmstop_aca VALUES ('173', '162', 'video', 'vms', null, '视频管理系统');
INSERT INTO cmstop_aca VALUES ('174', '173', 'video', 'vms', 'index,view', '视频管理');
INSERT INTO cmstop_aca VALUES ('175', '173', 'video', 'vms', 'preview', '预览');
INSERT INTO cmstop_aca VALUES ('176', '173', 'video', 'vms', 'edit', '编辑');
INSERT INTO cmstop_aca VALUES ('177', '173', 'video', 'vms', 'setting', '接口配置');
INSERT INTO cmstop_aca VALUES ('178', null, 'activity', null, null, '活动');
INSERT INTO cmstop_aca VALUES ('179', '178', 'activity', 'activity', null, '活动管理');
INSERT INTO cmstop_aca VALUES ('180', '179', 'activity', 'activity', 'add', '添加');
INSERT INTO cmstop_aca VALUES ('181', '179', 'activity', 'activity', 'edit', '编辑');
INSERT INTO cmstop_aca VALUES ('182', '179', 'activity', 'activity', 'view', '查看');
INSERT INTO cmstop_aca VALUES ('183', '179', 'activity', 'activity', 'viewsigns', '查看报名信息');
INSERT INTO cmstop_aca VALUES ('184', '179', 'activity', 'activity', 'related', '相关');
INSERT INTO cmstop_aca VALUES ('185', '179', 'activity', 'activity', 'reference', '引用');
INSERT INTO cmstop_aca VALUES ('186', '179', 'activity', 'activity', 'move', '移动');
INSERT INTO cmstop_aca VALUES ('187', '179', 'activity', 'activity', 'stop,unstop', '是否结束');
INSERT INTO cmstop_aca VALUES ('188', '178', 'activity', 'html', null, '活动生成');
INSERT INTO cmstop_aca VALUES ('189', '178', 'activity', 'setting', null, '活动设置');
INSERT INTO cmstop_aca VALUES ('190', '178', 'activity', 'sign', null, '管理报名者');
INSERT INTO cmstop_aca VALUES ('191', '190', 'activity', 'sign', 'view,page', '查看');
INSERT INTO cmstop_aca VALUES ('192', '190', 'activity', 'sign', 'edit', '编辑');
INSERT INTO cmstop_aca VALUES ('193', '190', 'activity', 'sign', 'pass', '通过');
INSERT INTO cmstop_aca VALUES ('194', '190', 'activity', 'sign', 'unpass', '还原');
INSERT INTO cmstop_aca VALUES ('195', '190', 'activity', 'sign', 'delete', '删除');
INSERT INTO cmstop_aca VALUES ('196', '190', 'activity', 'sign', 'export', '导出');
INSERT INTO cmstop_aca VALUES ('197', null, 'vote', null, null, '投票');
INSERT INTO cmstop_aca VALUES ('198', '197', 'vote', 'html', null, '投票生成');
INSERT INTO cmstop_aca VALUES ('199', '197', 'vote', 'log', null, '投票记录');
INSERT INTO cmstop_aca VALUES ('200', '197', 'vote', 'vote', null, '投票');
INSERT INTO cmstop_aca VALUES ('201', '200', 'vote', 'vote', 'add', '添加');
INSERT INTO cmstop_aca VALUES ('202', '200', 'vote', 'vote', 'edit', '编辑');
INSERT INTO cmstop_aca VALUES ('203', '200', 'vote', 'vote', 'view,code', '查看');
INSERT INTO cmstop_aca VALUES ('204', '200', 'vote', 'vote', 'related', '相关');
INSERT INTO cmstop_aca VALUES ('205', '200', 'vote', 'vote', 'reference', '引用');
INSERT INTO cmstop_aca VALUES ('206', '200', 'vote', 'vote', 'move', '移动');
INSERT INTO cmstop_aca VALUES ('207', null, 'survey', null, null, '调查问卷');
INSERT INTO cmstop_aca VALUES ('208', '207', 'survey', 'export', null, '导出');
INSERT INTO cmstop_aca VALUES ('209', '207', 'survey', 'html', null, '问卷生成');
INSERT INTO cmstop_aca VALUES ('210', '207', 'survey', 'question', null, '表单管理');
INSERT INTO cmstop_aca VALUES ('211', '210', 'survey', 'question', 'index,view', '浏览');
INSERT INTO cmstop_aca VALUES ('212', '210', 'survey', 'question', 'add', '添加');
INSERT INTO cmstop_aca VALUES ('213', '210', 'survey', 'question', 'edit', '编辑');
INSERT INTO cmstop_aca VALUES ('214', '210', 'survey', 'question', 'sort', '选项排序');
INSERT INTO cmstop_aca VALUES ('215', '210', 'survey', 'question', 'delete', '删除');
INSERT INTO cmstop_aca VALUES ('216', '210', 'survey', 'question', 'upload', '上传');
INSERT INTO cmstop_aca VALUES ('217', '207', 'survey', 'report', null, '问卷报告');
INSERT INTO cmstop_aca VALUES ('218', '217', 'survey', 'report', 'index,view,search', '浏览');
INSERT INTO cmstop_aca VALUES ('219', '217', 'survey', 'report', 'question', '题目');
INSERT INTO cmstop_aca VALUES ('220', '217', 'survey', 'report', 'answer', '结果');
INSERT INTO cmstop_aca VALUES ('221', '217', 'survey', 'report', 'option', '选项');
INSERT INTO cmstop_aca VALUES ('222', '217', 'survey', 'report', 'view', '查看');
INSERT INTO cmstop_aca VALUES ('223', '217', 'survey', 'report', 'delete', '删除');
INSERT INTO cmstop_aca VALUES ('224', '217', 'survey', 'report', 'xml_data', '导出');
INSERT INTO cmstop_aca VALUES ('225', '207', 'survey', 'survey', null, '问卷管理');
INSERT INTO cmstop_aca VALUES ('226', '225', 'survey', 'survey', 'index,view,search,page', '浏览');
INSERT INTO cmstop_aca VALUES ('227', '225', 'survey', 'survey', 'add', '添加');
INSERT INTO cmstop_aca VALUES ('228', '225', 'survey', 'survey', 'edit', '编辑');
INSERT INTO cmstop_aca VALUES ('229', '225', 'survey', 'survey', 'data_clear', '清空');
INSERT INTO cmstop_aca VALUES ('230', '225', 'survey', 'survey', 'related', '相关');
INSERT INTO cmstop_aca VALUES ('231', '225', 'survey', 'survey', 'reference', '引用');
INSERT INTO cmstop_aca VALUES ('232', '225', 'survey', 'survey', 'move', '移动');
INSERT INTO cmstop_aca VALUES ('233', null, 'interview', null, null, '访谈');
INSERT INTO cmstop_aca VALUES ('234', '233', 'interview', 'chat', null, '文字实录');
INSERT INTO cmstop_aca VALUES ('235', '234', 'interview', 'chat', 'index,chat', '浏览');
INSERT INTO cmstop_aca VALUES ('236', '234', 'interview', 'chat', 'add', '添加');
INSERT INTO cmstop_aca VALUES ('237', '234', 'interview', 'chat', 'edit', '编辑');
INSERT INTO cmstop_aca VALUES ('238', '234', 'interview', 'chat', 'delete', '删除');
INSERT INTO cmstop_aca VALUES ('239', '233', 'interview', 'html', null, '访谈生成');
INSERT INTO cmstop_aca VALUES ('240', '233', 'interview', 'interview', null, '访谈');
INSERT INTO cmstop_aca VALUES ('241', '240', 'interview', 'interview', 'index,view,search,page', '浏览');
INSERT INTO cmstop_aca VALUES ('242', '240', 'interview', 'interview', 'add', '添加');
INSERT INTO cmstop_aca VALUES ('243', '240', 'interview', 'interview', 'edit', '编辑');
INSERT INTO cmstop_aca VALUES ('244', '240', 'interview', 'interview', 'review', '精彩观点');
INSERT INTO cmstop_aca VALUES ('245', '240', 'interview', 'interview', 'notice', '滚动广告');
INSERT INTO cmstop_aca VALUES ('246', '240', 'interview', 'interview', 'picture', '组图');
INSERT INTO cmstop_aca VALUES ('247', '240', 'interview', 'interview', 'state', '访谈状态');
INSERT INTO cmstop_aca VALUES ('248', '240', 'interview', 'interview', 'reference', '引用');
INSERT INTO cmstop_aca VALUES ('249', '240', 'interview', 'interview', 'move', '移动');
INSERT INTO cmstop_aca VALUES ('250', '240', 'interview', 'interview', 'upload', '上传');
INSERT INTO cmstop_aca VALUES ('251', '233', 'interview', 'question', null, '网友互动');
INSERT INTO cmstop_aca VALUES ('252', '251', 'interview', 'question', 'index,page', '浏览');
INSERT INTO cmstop_aca VALUES ('253', '251', 'interview', 'question', 'delete', '删除');
INSERT INTO cmstop_aca VALUES ('254', '251', 'interview', 'question', 'clear', '清空');
INSERT INTO cmstop_aca VALUES ('255', '251', 'interview', 'question', 'remove', '彻底删除');
INSERT INTO cmstop_aca VALUES ('256', '251', 'interview', 'question', 'pass', '通过');
INSERT INTO cmstop_aca VALUES ('257', '251', 'interview', 'question', 'commend', '推荐');
INSERT INTO cmstop_aca VALUES ('258', '251', 'interview', 'question', 'iplock', 'ip锁定');
INSERT INTO cmstop_aca VALUES ('259', '251', 'interview', 'question', 'ipunlock', 'ip解锁');
INSERT INTO cmstop_aca VALUES ('260', null, 'link', null, null, '链接');
INSERT INTO cmstop_aca VALUES ('261', '260', 'link', 'link', null, '链接');
INSERT INTO cmstop_aca VALUES ('262', '261', 'link', 'link', 'add', '添加');
INSERT INTO cmstop_aca VALUES ('263', '261', 'link', 'link', 'edit', '编辑');
INSERT INTO cmstop_aca VALUES ('264', '261', 'link', 'link', 'view', '查看');
INSERT INTO cmstop_aca VALUES ('265', '261', 'link', 'link', 'related', '相关');
INSERT INTO cmstop_aca VALUES ('266', '261', 'link', 'link', 'reference', '引用');
INSERT INTO cmstop_aca VALUES ('267', '261', 'link', 'link', 'move', '移动');
INSERT INTO cmstop_aca VALUES ('268', null, 'comment', null, null, '评论');
INSERT INTO cmstop_aca VALUES ('269', '268', 'comment', 'comment', null, '评论管理');
INSERT INTO cmstop_aca VALUES ('270', '269', 'comment', 'comment', 'index,page', '浏览');
INSERT INTO cmstop_aca VALUES ('271', '269', 'comment', 'comment', 'edit', '编辑');
INSERT INTO cmstop_aca VALUES ('272', '269', 'comment', 'comment', 'check', '通过');
INSERT INTO cmstop_aca VALUES ('273', '269', 'comment', 'comment', 'delete', '删除');
INSERT INTO cmstop_aca VALUES ('274', '269', 'comment', 'comment', 'ip_edit', '修改ip');
INSERT INTO cmstop_aca VALUES ('275', '269', 'comment', 'comment', 'ip_disallow', 'ip锁定');
INSERT INTO cmstop_aca VALUES ('276', '269', 'comment', 'comment', 'ip_delete', '删除指定ip所有评论');
INSERT INTO cmstop_aca VALUES ('277', '269', 'comment', 'comment', 'top', '评论置顶');
INSERT INTO cmstop_aca VALUES ('278', '269', 'comment', 'comment', 'canceltop', '取消置顶');
INSERT INTO cmstop_aca VALUES ('279', '269', 'comment', 'comment', 'topic,topic_page', '话题管理');
INSERT INTO cmstop_aca VALUES ('280', '269', 'comment', 'comment', 'topic_add', '添加话题');
INSERT INTO cmstop_aca VALUES ('281', '269', 'comment', 'comment', 'topic_enable', '话题开启');
INSERT INTO cmstop_aca VALUES ('282', '269', 'comment', 'comment', 'topic_disable', '话题关闭');
INSERT INTO cmstop_aca VALUES ('283', '269', 'comment', 'comment', 'topic_del', '删除话题');
INSERT INTO cmstop_aca VALUES ('284', '269', 'comment', 'comment', 'report,report_page', '举报评论');
INSERT INTO cmstop_aca VALUES ('285', '269', 'comment', 'comment', 'report_reset', '举报重置');
INSERT INTO cmstop_aca VALUES ('286', '269', 'comment', 'comment', 'sensitive,sensitive_page', '敏感评论');
INSERT INTO cmstop_aca VALUES ('287', '269', 'comment', 'comment', 'sensitive_reset', '敏感重置');
INSERT INTO cmstop_aca VALUES ('288', '268', 'comment', 'setting', null, '评论设置');
INSERT INTO cmstop_aca VALUES ('289', null, 'contribution', null, null, '投稿管理');
INSERT INTO cmstop_aca VALUES ('290', '289', 'contribution', 'article', null, '专栏投稿');
INSERT INTO cmstop_aca VALUES ('291', '289', 'contribution', 'index', null, '投稿管理');
INSERT INTO cmstop_aca VALUES ('292', '291', 'contribution', 'index', 'index,page,view', '浏览');
INSERT INTO cmstop_aca VALUES ('293', '291', 'contribution', 'index', 'add', '添加');
INSERT INTO cmstop_aca VALUES ('294', '291', 'contribution', 'index', 'reject', '退稿');
INSERT INTO cmstop_aca VALUES ('295', '291', 'contribution', 'index', 'remove', '彻底删除');
INSERT INTO cmstop_aca VALUES ('296', '291', 'contribution', 'index', 'delete', '删除');
INSERT INTO cmstop_aca VALUES ('297', '291', 'contribution', 'index', 'clear', '清空回收站');
INSERT INTO cmstop_aca VALUES ('298', '289', 'contribution', 'setting', null, '投稿设置');
INSERT INTO cmstop_aca VALUES ('299', null, 'digg', null, null, 'Digg');
INSERT INTO cmstop_aca VALUES ('300', '299', 'digg', 'digg', null, 'Digg管理');
INSERT INTO cmstop_aca VALUES ('301', '299', 'digg', 'setting', null, 'Digg设置');
INSERT INTO cmstop_aca VALUES ('302', null, 'editor', null, null, '编辑器');
INSERT INTO cmstop_aca VALUES ('303', '302', 'editor', 'filesup', null, '文件上传');
INSERT INTO cmstop_aca VALUES ('304', '302', 'editor', 'image', null, '图片');
INSERT INTO cmstop_aca VALUES ('305', '302', 'editor', 'moreread', null, '延伸阅读');
INSERT INTO cmstop_aca VALUES ('306', '302', 'editor', 'setting', null, '编辑器设置');
INSERT INTO cmstop_aca VALUES ('307', '302', 'editor', 'tag', null, 'tag内链');
INSERT INTO cmstop_aca VALUES ('308', '302', 'editor', 'taglink', null, 'tag链接');
INSERT INTO cmstop_aca VALUES ('309', '302', 'editor', 'video', null, '视频');
INSERT INTO cmstop_aca VALUES ('310', '302', 'editor', 'vote', null, '投票');
INSERT INTO cmstop_aca VALUES ('311', '302', 'editor', 'wdcount', null, '字数统计');
INSERT INTO cmstop_aca VALUES ('312', null, 'field', null, null, '扩展字段');
INSERT INTO cmstop_aca VALUES ('313', '312', 'field', 'field', null, '字段管理');
INSERT INTO cmstop_aca VALUES ('314', '313', 'field', 'field', 'delete', '字段删除');
INSERT INTO cmstop_aca VALUES ('315', '312', 'field', 'project', null, '方案管理');
INSERT INTO cmstop_aca VALUES ('316', '315', 'field', 'project', 'index,page,get_project_api,sort,design_view,set_project_api,get_field_api,get_editfield_api', '浏览');
INSERT INTO cmstop_aca VALUES ('317', '315', 'field', 'project', 'add', '方案添加');
INSERT INTO cmstop_aca VALUES ('318', '315', 'field', 'project', 'design', '字段设计');
INSERT INTO cmstop_aca VALUES ('319', '315', 'field', 'project', 'design_add', '字段添加');
INSERT INTO cmstop_aca VALUES ('320', '315', 'field', 'project', 'design_edit', '字段编辑');
INSERT INTO cmstop_aca VALUES ('321', '315', 'field', 'project', 'delete', '方案删除');
INSERT INTO cmstop_aca VALUES ('322', null, 'freelist', null, null, '自由列表');
INSERT INTO cmstop_aca VALUES ('323', '322', 'freelist', 'freelist', null, '列表管理');
INSERT INTO cmstop_aca VALUES ('324', '323', 'freelist', 'freelist', 'index,page', '浏览');
INSERT INTO cmstop_aca VALUES ('325', '323', 'freelist', 'freelist', 'add', '基本设置');
INSERT INTO cmstop_aca VALUES ('326', '323', 'freelist', 'freelist', 'fadd', '配置筛选器');
INSERT INTO cmstop_aca VALUES ('327', '323', 'freelist', 'freelist', 'getview', '显示列表');
INSERT INTO cmstop_aca VALUES ('328', '323', 'freelist', 'freelist', 'delete', '批量删除');
INSERT INTO cmstop_aca VALUES ('329', '323', 'freelist', 'freelist', 'update', '批量更新');
INSERT INTO cmstop_aca VALUES ('330', '323', 'freelist', 'freelist', 'stop', '批量停止更新');
INSERT INTO cmstop_aca VALUES ('331', '322', 'freelist', 'group', null, '分组管理');
INSERT INTO cmstop_aca VALUES ('332', '331', 'freelist', 'group', 'index,page', '浏览');
INSERT INTO cmstop_aca VALUES ('333', '331', 'freelist', 'group', 'add', '添加');
INSERT INTO cmstop_aca VALUES ('334', '331', 'freelist', 'group', 'edit', '编辑');
INSERT INTO cmstop_aca VALUES ('335', '331', 'freelist', 'group', 'delete', '删除');
INSERT INTO cmstop_aca VALUES ('336', null, 'guestbook', null, null, '留言本');
INSERT INTO cmstop_aca VALUES ('337', '336', 'guestbook', 'guestbook', null, '留言本');
INSERT INTO cmstop_aca VALUES ('338', '337', 'guestbook', 'guestbook', 'index,page', '浏览');
INSERT INTO cmstop_aca VALUES ('339', '337', 'guestbook', 'guestbook', 'reply', '回复');
INSERT INTO cmstop_aca VALUES ('340', '337', 'guestbook', 'guestbook', 'replyed', '已回复');
INSERT INTO cmstop_aca VALUES ('341', '337', 'guestbook', 'guestbook', 'send_email', '发送邮件');
INSERT INTO cmstop_aca VALUES ('342', '337', 'guestbook', 'guestbook', 'edit_content', '编辑内容');
INSERT INTO cmstop_aca VALUES ('343', '337', 'guestbook', 'guestbook', 'delete', '删除');
INSERT INTO cmstop_aca VALUES ('344', '336', 'guestbook', 'setting', null, '设置');
INSERT INTO cmstop_aca VALUES ('345', '336', 'guestbook', 'type', null, '类型');
INSERT INTO cmstop_aca VALUES ('346', '345', 'guestbook', 'type', 'index,page', '浏览');
INSERT INTO cmstop_aca VALUES ('347', '345', 'guestbook', 'type', 'add', '添加');
INSERT INTO cmstop_aca VALUES ('348', '345', 'guestbook', 'type', 'edit', '编辑');
INSERT INTO cmstop_aca VALUES ('349', '345', 'guestbook', 'type', 'delete', '删除');
INSERT INTO cmstop_aca VALUES ('350', null, 'history', null, null, '历史页面');
INSERT INTO cmstop_aca VALUES ('351', '350', 'history', 'history', null, '历史页面');
INSERT INTO cmstop_aca VALUES ('352', '351', 'history', 'history', 'index,page', '浏览');
INSERT INTO cmstop_aca VALUES ('353', '351', 'history', 'history', 'exec', '历史页面生成');
INSERT INTO cmstop_aca VALUES ('354', '351', 'history', 'history', 'save', '新建保存');
INSERT INTO cmstop_aca VALUES ('355', '351', 'history', 'history', 'delete', '删除');
INSERT INTO cmstop_aca VALUES ('356', null, 'magazine', null, null, '电子杂志');
INSERT INTO cmstop_aca VALUES ('357', '356', 'magazine', 'content', null, '栏目内容管理');
INSERT INTO cmstop_aca VALUES ('358', '357', 'magazine', 'content', 'index,page', '浏览');
INSERT INTO cmstop_aca VALUES ('359', '357', 'magazine', 'content', 'delete', '删除');
INSERT INTO cmstop_aca VALUES ('360', '357', 'magazine', 'content', 'relate,getarticle,saverelate', '关联文章');
INSERT INTO cmstop_aca VALUES ('361', '356', 'magazine', 'edition', null, '期号管理');
INSERT INTO cmstop_aca VALUES ('362', '361', 'magazine', 'edition', 'index,page', '浏览');
INSERT INTO cmstop_aca VALUES ('363', '361', 'magazine', 'edition', 'save', '新建期号');
INSERT INTO cmstop_aca VALUES ('364', '361', 'magazine', 'edition', 'delete', '删除期号');
INSERT INTO cmstop_aca VALUES ('365', '361', 'magazine', 'edition', 'disabled', '批量修改状态');
INSERT INTO cmstop_aca VALUES ('366', '356', 'magazine', 'magazine', null, '杂志管理');
INSERT INTO cmstop_aca VALUES ('367', '366', 'magazine', 'magazine', 'index,page', '浏览');
INSERT INTO cmstop_aca VALUES ('368', '366', 'magazine', 'magazine', 'save', '保存');
INSERT INTO cmstop_aca VALUES ('369', '366', 'magazine', 'magazine', 'delete', '删除');
INSERT INTO cmstop_aca VALUES ('370', '356', 'magazine', 'page', null, '栏目管理');
INSERT INTO cmstop_aca VALUES ('371', '370', 'magazine', 'page', 'index,page', '浏览');
INSERT INTO cmstop_aca VALUES ('372', '370', 'magazine', 'page', 'save', '保存');
INSERT INTO cmstop_aca VALUES ('373', '370', 'magazine', 'page', 'add', '添加');
INSERT INTO cmstop_aca VALUES ('374', '370', 'magazine', 'page', 'delete', '删除');
INSERT INTO cmstop_aca VALUES ('375', '370', 'magazine', 'page', 'publish', '发布');
INSERT INTO cmstop_aca VALUES ('376', null, 'member', null, null, '会员');
INSERT INTO cmstop_aca VALUES ('377', '376', 'member', 'audit', null, '审核用户');
INSERT INTO cmstop_aca VALUES ('378', '376', 'member', 'group', null, '用户组管理');
INSERT INTO cmstop_aca VALUES ('379', '378', 'member', 'group', 'index,page', '浏览');
INSERT INTO cmstop_aca VALUES ('380', '378', 'member', 'group', 'add', '添加');
INSERT INTO cmstop_aca VALUES ('381', '378', 'member', 'group', 'edit', '编辑');
INSERT INTO cmstop_aca VALUES ('382', '378', 'member', 'group', 'delete', '删除');
INSERT INTO cmstop_aca VALUES ('383', '378', 'member', 'group', 'changgroup', '移动');
INSERT INTO cmstop_aca VALUES ('384', '376', 'member', 'index', null, '管理用户');
INSERT INTO cmstop_aca VALUES ('385', '384', 'member', 'index', 'index,page,search', '浏览');
INSERT INTO cmstop_aca VALUES ('386', '384', 'member', 'index', 'add', '添加');
INSERT INTO cmstop_aca VALUES ('387', '384', 'member', 'index', 'edit', '编辑');
INSERT INTO cmstop_aca VALUES ('388', '384', 'member', 'index', 'password', '修改密码');
INSERT INTO cmstop_aca VALUES ('389', '384', 'member', 'index', 'delete', '删除');
INSERT INTO cmstop_aca VALUES ('390', '384', 'member', 'index', 'remarks', '备注');
INSERT INTO cmstop_aca VALUES ('391', '384', 'member', 'index', 'profile', '查看资料');
INSERT INTO cmstop_aca VALUES ('392', '384', 'member', 'index', 'avatar', '修改头像');
INSERT INTO cmstop_aca VALUES ('393', '384', 'member', 'index', 'contribute', '投稿');
INSERT INTO cmstop_aca VALUES ('394', '384', 'member', 'index', 'sendmail', '发送邮件');
INSERT INTO cmstop_aca VALUES ('395', '384', 'member', 'index', 'show_unlock,locked_page', '查看');
INSERT INTO cmstop_aca VALUES ('396', '384', 'member', 'index', 'unlock', '解锁用户');
INSERT INTO cmstop_aca VALUES ('397', '376', 'member', 'log', null, '登陆日志');
INSERT INTO cmstop_aca VALUES ('398', '397', 'member', 'log', 'index,page', '浏览');
INSERT INTO cmstop_aca VALUES ('399', '397', 'member', 'log', 'delete', '删除');
INSERT INTO cmstop_aca VALUES ('400', '376', 'member', 'setting', null, '设置');
INSERT INTO cmstop_aca VALUES ('401', '400', 'member', 'setting', 'index', '基本设置');
INSERT INTO cmstop_aca VALUES ('402', '400', 'member', 'setting', 'ucenter,uctest', 'Ucenter设置');
INSERT INTO cmstop_aca VALUES ('403', '400', 'member', 'setting', 'ucenter_syns,phpwind', 'Phpwind整合');
INSERT INTO cmstop_aca VALUES ('404', '400', 'member', 'setting', 'merge', '整合');
INSERT INTO cmstop_aca VALUES ('405', null, 'mood', null, null, '心情排行');
INSERT INTO cmstop_aca VALUES ('406', '405', 'mood', 'data', null, '心情数据查看');
INSERT INTO cmstop_aca VALUES ('407', '405', 'mood', 'mood', null, '方案设置');
INSERT INTO cmstop_aca VALUES ('408', '407', 'mood', 'mood', 'index,page,view,sort', '浏览');
INSERT INTO cmstop_aca VALUES ('409', '407', 'mood', 'mood', 'add', '添加');
INSERT INTO cmstop_aca VALUES ('410', '407', 'mood', 'mood', 'edit', '编辑');
INSERT INTO cmstop_aca VALUES ('411', '407', 'mood', 'mood', 'delete', '删除');
INSERT INTO cmstop_aca VALUES ('412', '407', 'mood', 'mood', 'publish', '发布');
INSERT INTO cmstop_aca VALUES ('413', '405', 'mood', 'setting', null, '心情设置');
INSERT INTO cmstop_aca VALUES ('414', null, 'page', null, null, '页面');
INSERT INTO cmstop_aca VALUES ('415', '414', 'page', 'content', null, '区块内容');
INSERT INTO cmstop_aca VALUES ('416', '415', 'page', 'content', 'search', '搜索');
INSERT INTO cmstop_aca VALUES ('417', '415', 'page', 'content', 'recommend', '推荐');
INSERT INTO cmstop_aca VALUES ('418', '415', 'page', 'content', 'delrecommend', '删除推荐');
INSERT INTO cmstop_aca VALUES ('419', '414', 'page', 'page', null, '页面管理');
INSERT INTO cmstop_aca VALUES ('420', '419', 'page', 'page', 'index,tree,view', '浏览');
INSERT INTO cmstop_aca VALUES ('421', '419', 'page', 'page', 'sections', '区块');
INSERT INTO cmstop_aca VALUES ('422', '419', 'page', 'page', 'property', '属性');
INSERT INTO cmstop_aca VALUES ('423', '419', 'page', 'page', 'sectionlog', '区块日志');
INSERT INTO cmstop_aca VALUES ('424', '419', 'page', 'page', 'publish', '页面发布');
INSERT INTO cmstop_aca VALUES ('425', '419', 'page', 'page', 'edit', '页面编辑');
INSERT INTO cmstop_aca VALUES ('426', '419', 'page', 'page', 'visualedit', '可视化编辑');
INSERT INTO cmstop_aca VALUES ('427', '419', 'page', 'page', 'preview', '预览');
INSERT INTO cmstop_aca VALUES ('428', '419', 'page', 'page', 'add', '添加');
INSERT INTO cmstop_aca VALUES ('429', '419', 'page', 'page', 'backup,bakSuggest', '备份');
INSERT INTO cmstop_aca VALUES ('430', '419', 'page', 'page', 'recover', '恢复');
INSERT INTO cmstop_aca VALUES ('431', '419', 'page', 'page', 'exportTemplate', '导出');
INSERT INTO cmstop_aca VALUES ('432', '419', 'page', 'page', 'delete', '删除');
INSERT INTO cmstop_aca VALUES ('433', '414', 'page', 'page_priv', null, '页面权限');
INSERT INTO cmstop_aca VALUES ('434', '433', 'page', 'page_priv', 'index', '浏览');
INSERT INTO cmstop_aca VALUES ('435', '433', 'page', 'page_priv', 'add', '添加');
INSERT INTO cmstop_aca VALUES ('436', '433', 'page', 'page_priv', 'delete', '删除');
INSERT INTO cmstop_aca VALUES ('437', '414', 'page', 'section', null, '区块管理');
INSERT INTO cmstop_aca VALUES ('438', '437', 'page', 'section', 'edit', '编辑');
INSERT INTO cmstop_aca VALUES ('439', '437', 'page', 'section', 'property', '属性');
INSERT INTO cmstop_aca VALUES ('440', '437', 'page', 'section', 'visual', '可视化区块');
INSERT INTO cmstop_aca VALUES ('441', '437', 'page', 'section', 'preview', '预览');
INSERT INTO cmstop_aca VALUES ('442', '437', 'page', 'section', 'lock', '锁定');
INSERT INTO cmstop_aca VALUES ('443', '437', 'page', 'section', 'unlock', '强行解锁');
INSERT INTO cmstop_aca VALUES ('444', '437', 'page', 'section', 'unsave', '解自己的锁');
INSERT INTO cmstop_aca VALUES ('445', '437', 'page', 'section', 'section_state', '区块状态');
INSERT INTO cmstop_aca VALUES ('446', '437', 'page', 'section', 'delrow', '删除行');
INSERT INTO cmstop_aca VALUES ('447', '437', 'page', 'section', 'uprow,downrow', '顺序调整');
INSERT INTO cmstop_aca VALUES ('448', '437', 'page', 'section', 'addrow', '添加行');
INSERT INTO cmstop_aca VALUES ('449', '437', 'page', 'section', 'additem', '添加项');
INSERT INTO cmstop_aca VALUES ('450', '437', 'page', 'section', 'delitem', '删除项');
INSERT INTO cmstop_aca VALUES ('451', '437', 'page', 'section', 'edititem', '编辑项');
INSERT INTO cmstop_aca VALUES ('452', '437', 'page', 'section', 'replaceitem', '替换项');
INSERT INTO cmstop_aca VALUES ('453', '437', 'page', 'section', 'leftitem,rightitem', '左右移动标题');
INSERT INTO cmstop_aca VALUES ('454', '437', 'page', 'section', 'logpack,getlog', '历史记录');
INSERT INTO cmstop_aca VALUES ('455', '437', 'page', 'section', 'viewlog', '预览历史记录');
INSERT INTO cmstop_aca VALUES ('456', '437', 'page', 'section', 'restorelog', '恢复到原始数据');
INSERT INTO cmstop_aca VALUES ('457', '437', 'page', 'section', 'clearlog', '清空历史记录');
INSERT INTO cmstop_aca VALUES ('458', '437', 'page', 'section', 'add', '添加');
INSERT INTO cmstop_aca VALUES ('459', '437', 'page', 'section', 'publish,grap', '发布');
INSERT INTO cmstop_aca VALUES ('460', '437', 'page', 'section', 'delete', '删除');
INSERT INTO cmstop_aca VALUES ('461', '437', 'page', 'section', 'view,loadViewHtml,get_section_info', '查看');
INSERT INTO cmstop_aca VALUES ('462', '437', 'page', 'section', 'search,searchall', '搜索区块');
INSERT INTO cmstop_aca VALUES ('463', '437', 'page', 'section', 'move', '移动');
INSERT INTO cmstop_aca VALUES ('464', '414', 'page', 'section_priv', null, '区块权限');
INSERT INTO cmstop_aca VALUES ('465', '464', 'page', 'section_priv', 'index', '浏览');
INSERT INTO cmstop_aca VALUES ('466', '464', 'page', 'section_priv', 'add', '添加');
INSERT INTO cmstop_aca VALUES ('467', '464', 'page', 'section_priv', 'delete', '删除');
INSERT INTO cmstop_aca VALUES ('468', null, 'paper', null, null, '电子报纸');
INSERT INTO cmstop_aca VALUES ('469', '468', 'paper', 'content', null, '版面内容管理');
INSERT INTO cmstop_aca VALUES ('470', '469', 'paper', 'content', 'index', '浏览');
INSERT INTO cmstop_aca VALUES ('471', '469', 'paper', 'content', 'relate', '关联文章');
INSERT INTO cmstop_aca VALUES ('472', '469', 'paper', 'content', 'getArticle', '获取文章');
INSERT INTO cmstop_aca VALUES ('473', '469', 'paper', 'content', 'saveMap', '保存热区');
INSERT INTO cmstop_aca VALUES ('474', '469', 'paper', 'content', 'delMap', '删除热区');
INSERT INTO cmstop_aca VALUES ('475', '469', 'paper', 'content', 'prevView', '预览');
INSERT INTO cmstop_aca VALUES ('476', '468', 'paper', 'edition', null, '期号管理');
INSERT INTO cmstop_aca VALUES ('477', '476', 'paper', 'edition', 'index,page', '浏览');
INSERT INTO cmstop_aca VALUES ('478', '476', 'paper', 'edition', 'save', '新建期号');
INSERT INTO cmstop_aca VALUES ('479', '476', 'paper', 'edition', 'prevView', '预览');
INSERT INTO cmstop_aca VALUES ('480', '476', 'paper', 'edition', 'delete', '删除');
INSERT INTO cmstop_aca VALUES ('481', '476', 'paper', 'edition', 'disabled', '批量修改状态');
INSERT INTO cmstop_aca VALUES ('482', '468', 'paper', 'page', null, '版面管理');
INSERT INTO cmstop_aca VALUES ('483', '482', 'paper', 'page', 'index,page', '浏览');
INSERT INTO cmstop_aca VALUES ('484', '482', 'paper', 'page', 'save', '保存');
INSERT INTO cmstop_aca VALUES ('485', '482', 'paper', 'page', 'add', '添加');
INSERT INTO cmstop_aca VALUES ('486', '482', 'paper', 'page', 'delete', '删除');
INSERT INTO cmstop_aca VALUES ('487', '482', 'paper', 'page', 'publish', '发布');
INSERT INTO cmstop_aca VALUES ('488', '482', 'paper', 'page', 'sleep', '休眠');
INSERT INTO cmstop_aca VALUES ('489', '482', 'paper', 'page', 'unpublish', '下线');
INSERT INTO cmstop_aca VALUES ('490', '468', 'paper', 'paper', null, '报纸管理');
INSERT INTO cmstop_aca VALUES ('491', '490', 'paper', 'paper', 'index,page', '浏览');
INSERT INTO cmstop_aca VALUES ('492', '490', 'paper', 'paper', 'save', '保存');
INSERT INTO cmstop_aca VALUES ('493', '490', 'paper', 'paper', 'delete', '删除');
INSERT INTO cmstop_aca VALUES ('494', null, 'pay', null, null, '财务管理');
INSERT INTO cmstop_aca VALUES ('495', '494', 'pay', 'account', null, '会员账户');
INSERT INTO cmstop_aca VALUES ('496', '494', 'pay', 'charge', null, '充值记录');
INSERT INTO cmstop_aca VALUES ('497', '494', 'pay', 'payment', null, '消费记录');
INSERT INTO cmstop_aca VALUES ('498', '494', 'pay', 'platform', null, '支付平台');
INSERT INTO cmstop_aca VALUES ('499', '498', 'pay', 'platform', 'index,page', '浏览');
INSERT INTO cmstop_aca VALUES ('500', '498', 'pay', 'platform', 'save', '支付平台添加或修改');
INSERT INTO cmstop_aca VALUES ('501', '498', 'pay', 'platform', 'delete', '删除接口');
INSERT INTO cmstop_aca VALUES ('502', '498', 'pay', 'platform', 'enable', '启用接口');
INSERT INTO cmstop_aca VALUES ('503', '498', 'pay', 'platform', 'disabled', '禁用接口');
INSERT INTO cmstop_aca VALUES ('504', null, 'push', null, null, '文章推送');
INSERT INTO cmstop_aca VALUES ('505', null, 'rss', null, null, 'rss');
INSERT INTO cmstop_aca VALUES ('506', null, 'search', null, null, '搜索');
INSERT INTO cmstop_aca VALUES ('507', null, 'space', null, null, '个人专栏');
INSERT INTO cmstop_aca VALUES ('508', '507', 'space', 'index', null, '浏览');
INSERT INTO cmstop_aca VALUES ('509', '508', 'space', 'index', 'index,page,search,suggest,status,username,author_check,alias_check,validate,panel', '浏览');
INSERT INTO cmstop_aca VALUES ('510', '508', 'space', 'index', 'add', '添加');
INSERT INTO cmstop_aca VALUES ('511', '508', 'space', 'index', 'edit', '编辑');
INSERT INTO cmstop_aca VALUES ('512', '508', 'space', 'index', 'delete', '删除');
INSERT INTO cmstop_aca VALUES ('513', null, 'special', null, null, '专题');
INSERT INTO cmstop_aca VALUES ('514', '513', 'special', 'online', null, '在线设计');
INSERT INTO cmstop_aca VALUES ('515', '514', 'special', 'online', 'index', '浏览');
INSERT INTO cmstop_aca VALUES ('516', '514', 'special', 'online', 'lock', '锁定');
INSERT INTO cmstop_aca VALUES ('517', '514', 'special', 'online', 'unlock', '解锁');
INSERT INTO cmstop_aca VALUES ('518', '514', 'special', 'online', 'recommend', '推送');
INSERT INTO cmstop_aca VALUES ('519', '514', 'special', 'online', 'getPlace', '选择位置');
INSERT INTO cmstop_aca VALUES ('520', '514', 'special', 'online', 'addPage', '增加页面');
INSERT INTO cmstop_aca VALUES ('521', '514', 'special', 'online', 'setPage', '设置页面');
INSERT INTO cmstop_aca VALUES ('522', '514', 'special', 'online', 'copyPage', '拷贝页面');
INSERT INTO cmstop_aca VALUES ('523', '514', 'special', 'online', 'delPage', '删除页面');
INSERT INTO cmstop_aca VALUES ('524', '514', 'special', 'online', 'addRes', '添加资源文件');
INSERT INTO cmstop_aca VALUES ('525', '514', 'special', 'online', 'editRes', '编辑资源文件');
INSERT INTO cmstop_aca VALUES ('526', '514', 'special', 'online', 'css', '风格');
INSERT INTO cmstop_aca VALUES ('527', '514', 'special', 'online', 'addTemplate', '上传模板');
INSERT INTO cmstop_aca VALUES ('528', '514', 'special', 'online', 'delTemplate', '删除模板');
INSERT INTO cmstop_aca VALUES ('529', '514', 'special', 'online', 'editTemplate', '编辑模板');
INSERT INTO cmstop_aca VALUES ('530', '514', 'special', 'online', 'tplCanEdit', '模板可编辑');
INSERT INTO cmstop_aca VALUES ('531', '514', 'special', 'online', 'getTemplate', '获取模版');
INSERT INTO cmstop_aca VALUES ('532', '514', 'special', 'online', 'getTheme', '获取风格中所有元素样式');
INSERT INTO cmstop_aca VALUES ('533', '514', 'special', 'online', 'setUI', '设置风格');
INSERT INTO cmstop_aca VALUES ('534', '514', 'special', 'online', 'delTheme', '删除风格');
INSERT INTO cmstop_aca VALUES ('535', '514', 'special', 'online', 'getWidget', '获取模块');
INSERT INTO cmstop_aca VALUES ('536', '514', 'special', 'online', 'editWidget', '编辑模板');
INSERT INTO cmstop_aca VALUES ('537', '514', 'special', 'online', 'pubWidget', '发布模块');
INSERT INTO cmstop_aca VALUES ('538', '514', 'special', 'online', 'addWidget', '添加模块');
INSERT INTO cmstop_aca VALUES ('539', '514', 'special', 'online', 'shareWidget', '共享模块');
INSERT INTO cmstop_aca VALUES ('540', '514', 'special', 'online', 'unshareWidget', '取消共享模块');
INSERT INTO cmstop_aca VALUES ('541', '514', 'special', 'online', 'setFrame', '设置框架');
INSERT INTO cmstop_aca VALUES ('542', '514', 'special', 'online', 'save', '保存');
INSERT INTO cmstop_aca VALUES ('543', '514', 'special', 'online', 'publish', '发布');
INSERT INTO cmstop_aca VALUES ('544', '514', 'special', 'online', 'offline', '下线');
INSERT INTO cmstop_aca VALUES ('545', '514', 'special', 'online', 'design', '设计');
INSERT INTO cmstop_aca VALUES ('546', '514', 'special', 'online', 'scheme', '保存方案');
INSERT INTO cmstop_aca VALUES ('547', '513', 'special', 'special', null, '专题管理');
INSERT INTO cmstop_aca VALUES ('548', '547', 'special', 'special', 'add', '添加');
INSERT INTO cmstop_aca VALUES ('549', '547', 'special', 'special', 'view', '查看');
INSERT INTO cmstop_aca VALUES ('550', '547', 'special', 'special', 'edit', '编辑');
INSERT INTO cmstop_aca VALUES ('551', '547', 'special', 'special', 'search', '搜索');
INSERT INTO cmstop_aca VALUES ('552', null, 'spider', null, null, '采集');
INSERT INTO cmstop_aca VALUES ('553', '552', 'spider', 'manager', null, '管理规则');
INSERT INTO cmstop_aca VALUES ('554', '553', 'spider', 'manager', 'index,page,sites', '浏览');
INSERT INTO cmstop_aca VALUES ('555', '553', 'spider', 'manager', 'addrule', '添加规则');
INSERT INTO cmstop_aca VALUES ('556', '553', 'spider', 'manager', 'editrule', '编辑规则');
INSERT INTO cmstop_aca VALUES ('557', '553', 'spider', 'manager', 'delrule', '删除规则');
INSERT INTO cmstop_aca VALUES ('558', '553', 'spider', 'manager', 'IsSite', '站点管理');
INSERT INTO cmstop_aca VALUES ('559', '553', 'spider', 'manager', 'addSite', '添加网站');
INSERT INTO cmstop_aca VALUES ('560', '553', 'spider', 'manager', 'editSite', '编辑网站');
INSERT INTO cmstop_aca VALUES ('561', '553', 'spider', 'manager', 'delSite', '删除网站');
INSERT INTO cmstop_aca VALUES ('562', '553', 'spider', 'manager', 'addTask', '添加任务');
INSERT INTO cmstop_aca VALUES ('563', '553', 'spider', 'manager', 'export', '导出');
INSERT INTO cmstop_aca VALUES ('564', '553', 'spider', 'manager', 'import', '导入');
INSERT INTO cmstop_aca VALUES ('565', '553', 'spider', 'manager', 'selectrule,matchrule,savetemptask', '选择规则');
INSERT INTO cmstop_aca VALUES ('566', '553', 'spider', 'manager', 'editTask', '编辑任务');
INSERT INTO cmstop_aca VALUES ('567', '553', 'spider', 'manager', 'delTask', '删除任务');
INSERT INTO cmstop_aca VALUES ('568', '553', 'spider', 'manager', 'testrule,testgetlist,testgetdetail', '测试规则');
INSERT INTO cmstop_aca VALUES ('569', '552', 'spider', 'spider', null, '采集');
INSERT INTO cmstop_aca VALUES ('570', null, 'wap', null, null, '手机版设置');
INSERT INTO cmstop_aca VALUES ('573', '179', 'activity', 'activity', 'delete', '删除');
INSERT INTO cmstop_aca VALUES ('574', '179', 'activity', 'activity', 'clear', '清空回收站');
INSERT INTO cmstop_aca VALUES ('575', '179', 'activity', 'activity', 'remove', '从回收站删除');
INSERT INTO cmstop_aca VALUES ('576', '179', 'activity', 'activity', 'restore', '恢复');
INSERT INTO cmstop_aca VALUES ('577', '179', 'activity', 'activity', 'restores', '恢复全部');
INSERT INTO cmstop_aca VALUES ('578', '179', 'activity', 'activity', 'approve', '送审');
INSERT INTO cmstop_aca VALUES ('579', '179', 'activity', 'activity', 'pass', '通过');
INSERT INTO cmstop_aca VALUES ('580', '179', 'activity', 'activity', 'reject', '退稿');
INSERT INTO cmstop_aca VALUES ('581', '179', 'activity', 'activity', 'islock,lock,unlock', '锁定');
INSERT INTO cmstop_aca VALUES ('582', '179', 'activity', 'activity', 'publish', '发布');
INSERT INTO cmstop_aca VALUES ('583', '179', 'activity', 'activity', 'unpublish', '撤稿');
INSERT INTO cmstop_aca VALUES ('584', '290', 'contribution', 'article', 'delete', '删除');
INSERT INTO cmstop_aca VALUES ('585', '290', 'contribution', 'article', 'clear', '清空回收站');
INSERT INTO cmstop_aca VALUES ('586', '290', 'contribution', 'article', 'remove', '从回收站删除');
INSERT INTO cmstop_aca VALUES ('587', '290', 'contribution', 'article', 'restore', '恢复');
INSERT INTO cmstop_aca VALUES ('588', '290', 'contribution', 'article', 'restores', '恢复全部');
INSERT INTO cmstop_aca VALUES ('589', '290', 'contribution', 'article', 'approve', '送审');
INSERT INTO cmstop_aca VALUES ('590', '290', 'contribution', 'article', 'pass', '通过');
INSERT INTO cmstop_aca VALUES ('591', '290', 'contribution', 'article', 'reject', '退稿');
INSERT INTO cmstop_aca VALUES ('592', '290', 'contribution', 'article', 'islock,lock,unlock', '锁定');
INSERT INTO cmstop_aca VALUES ('593', '290', 'contribution', 'article', 'publish', '发布');
INSERT INTO cmstop_aca VALUES ('594', '290', 'contribution', 'article', 'unpublish', '撤稿');
INSERT INTO cmstop_aca VALUES ('595', '240', 'interview', 'interview', 'delete', '删除');
INSERT INTO cmstop_aca VALUES ('596', '240', 'interview', 'interview', 'clear', '清空回收站');
INSERT INTO cmstop_aca VALUES ('597', '240', 'interview', 'interview', 'remove', '从回收站删除');
INSERT INTO cmstop_aca VALUES ('598', '240', 'interview', 'interview', 'restore', '恢复');
INSERT INTO cmstop_aca VALUES ('599', '240', 'interview', 'interview', 'restores', '恢复全部');
INSERT INTO cmstop_aca VALUES ('600', '240', 'interview', 'interview', 'approve', '送审');
INSERT INTO cmstop_aca VALUES ('601', '240', 'interview', 'interview', 'pass', '通过');
INSERT INTO cmstop_aca VALUES ('602', '240', 'interview', 'interview', 'reject', '退稿');
INSERT INTO cmstop_aca VALUES ('603', '240', 'interview', 'interview', 'islock,lock,unlock', '锁定');
INSERT INTO cmstop_aca VALUES ('604', '240', 'interview', 'interview', 'publish', '发布');
INSERT INTO cmstop_aca VALUES ('605', '240', 'interview', 'interview', 'unpublish', '撤稿');
INSERT INTO cmstop_aca VALUES ('606', '152', 'picture', 'picture', 'delete', '删除');
INSERT INTO cmstop_aca VALUES ('607', '152', 'picture', 'picture', 'clear', '清空回收站');
INSERT INTO cmstop_aca VALUES ('608', '152', 'picture', 'picture', 'remove', '从回收站删除');
INSERT INTO cmstop_aca VALUES ('609', '152', 'picture', 'picture', 'restore', '恢复');
INSERT INTO cmstop_aca VALUES ('610', '152', 'picture', 'picture', 'restores', '恢复全部');
INSERT INTO cmstop_aca VALUES ('611', '152', 'picture', 'picture', 'approve', '送审');
INSERT INTO cmstop_aca VALUES ('612', '152', 'picture', 'picture', 'pass', '通过');
INSERT INTO cmstop_aca VALUES ('613', '152', 'picture', 'picture', 'reject', '退稿');
INSERT INTO cmstop_aca VALUES ('614', '152', 'picture', 'picture', 'islock,lock,unlock', '锁定');
INSERT INTO cmstop_aca VALUES ('615', '152', 'picture', 'picture', 'publish', '发布');
INSERT INTO cmstop_aca VALUES ('616', '152', 'picture', 'picture', 'unpublish', '撤稿');
INSERT INTO cmstop_aca VALUES ('617', '547', 'special', 'special', 'delete', '删除');
INSERT INTO cmstop_aca VALUES ('618', '547', 'special', 'special', 'clear', '清空回收站');
INSERT INTO cmstop_aca VALUES ('619', '547', 'special', 'special', 'remove', '从回收站删除');
INSERT INTO cmstop_aca VALUES ('620', '547', 'special', 'special', 'restore', '恢复');
INSERT INTO cmstop_aca VALUES ('621', '547', 'special', 'special', 'restores', '恢复全部');
INSERT INTO cmstop_aca VALUES ('622', '547', 'special', 'special', 'approve', '送审');
INSERT INTO cmstop_aca VALUES ('623', '547', 'special', 'special', 'pass', '通过');
INSERT INTO cmstop_aca VALUES ('624', '547', 'special', 'special', 'reject', '退稿');
INSERT INTO cmstop_aca VALUES ('625', '547', 'special', 'special', 'islock,lock,unlock', '锁定');
INSERT INTO cmstop_aca VALUES ('626', '547', 'special', 'special', 'publish', '发布');
INSERT INTO cmstop_aca VALUES ('627', '547', 'special', 'special', 'unpublish', '撤稿');
INSERT INTO cmstop_aca VALUES ('628', '225', 'survey', 'survey', 'delete', '删除');
INSERT INTO cmstop_aca VALUES ('629', '225', 'survey', 'survey', 'clear', '清空回收站');
INSERT INTO cmstop_aca VALUES ('630', '225', 'survey', 'survey', 'remove', '从回收站删除');
INSERT INTO cmstop_aca VALUES ('631', '225', 'survey', 'survey', 'restore', '恢复');
INSERT INTO cmstop_aca VALUES ('632', '225', 'survey', 'survey', 'restores', '恢复全部');
INSERT INTO cmstop_aca VALUES ('633', '225', 'survey', 'survey', 'approve', '送审');
INSERT INTO cmstop_aca VALUES ('634', '225', 'survey', 'survey', 'pass', '通过');
INSERT INTO cmstop_aca VALUES ('635', '225', 'survey', 'survey', 'reject', '退稿');
INSERT INTO cmstop_aca VALUES ('636', '225', 'survey', 'survey', 'islock,lock,unlock', '锁定');
INSERT INTO cmstop_aca VALUES ('637', '225', 'survey', 'survey', 'publish', '发布');
INSERT INTO cmstop_aca VALUES ('638', '225', 'survey', 'survey', 'unpublish', '撤稿');
INSERT INTO cmstop_aca VALUES ('639', '164', 'video', 'video', 'delete', '删除');
INSERT INTO cmstop_aca VALUES ('640', '164', 'video', 'video', 'clear', '清空回收站');
INSERT INTO cmstop_aca VALUES ('641', '164', 'video', 'video', 'remove', '从回收站删除');
INSERT INTO cmstop_aca VALUES ('642', '164', 'video', 'video', 'restore', '恢复');
INSERT INTO cmstop_aca VALUES ('643', '164', 'video', 'video', 'restores', '恢复全部');
INSERT INTO cmstop_aca VALUES ('644', '164', 'video', 'video', 'approve', '送审');
INSERT INTO cmstop_aca VALUES ('645', '164', 'video', 'video', 'pass', '通过');
INSERT INTO cmstop_aca VALUES ('646', '164', 'video', 'video', 'reject', '退稿');
INSERT INTO cmstop_aca VALUES ('647', '164', 'video', 'video', 'islock,lock,unlock', '锁定');
INSERT INTO cmstop_aca VALUES ('648', '164', 'video', 'video', 'publish', '发布');
INSERT INTO cmstop_aca VALUES ('649', '164', 'video', 'video', 'unpublish', '撤稿');
INSERT INTO cmstop_aca VALUES ('650', '200', 'vote', 'vote', 'delete', '删除');
INSERT INTO cmstop_aca VALUES ('651', '200', 'vote', 'vote', 'clear', '清空回收站');
INSERT INTO cmstop_aca VALUES ('652', '200', 'vote', 'vote', 'remove', '从回收站删除');
INSERT INTO cmstop_aca VALUES ('653', '200', 'vote', 'vote', 'restore', '恢复');
INSERT INTO cmstop_aca VALUES ('654', '200', 'vote', 'vote', 'restores', '恢复全部');
INSERT INTO cmstop_aca VALUES ('655', '200', 'vote', 'vote', 'approve', '送审');
INSERT INTO cmstop_aca VALUES ('656', '200', 'vote', 'vote', 'pass', '通过');
INSERT INTO cmstop_aca VALUES ('657', '200', 'vote', 'vote', 'reject', '退稿');
INSERT INTO cmstop_aca VALUES ('658', '200', 'vote', 'vote', 'islock,lock,unlock', '锁定');
INSERT INTO cmstop_aca VALUES ('659', '200', 'vote', 'vote', 'publish', '发布');
INSERT INTO cmstop_aca VALUES ('660', '200', 'vote', 'vote', 'unpublish', '撤稿');
INSERT INTO cmstop_aca VALUES ('661', '138', 'article', 'article', 'delete', '删除');
INSERT INTO cmstop_aca VALUES ('662', '138', 'article', 'article', 'clear', '清空回收站');
INSERT INTO cmstop_aca VALUES ('663', '138', 'article', 'article', 'remove', '从回收站删除');
INSERT INTO cmstop_aca VALUES ('664', '138', 'article', 'article', 'restore', '恢复');
INSERT INTO cmstop_aca VALUES ('665', '138', 'article', 'article', 'restores', '恢复全部');
INSERT INTO cmstop_aca VALUES ('666', '138', 'article', 'article', 'approve', '送审');
INSERT INTO cmstop_aca VALUES ('667', '138', 'article', 'article', 'pass', '通过');
INSERT INTO cmstop_aca VALUES ('668', '138', 'article', 'article', 'reject', '退稿');
INSERT INTO cmstop_aca VALUES ('669', '138', 'article', 'article', 'islock,lock,unlock', '锁定');
INSERT INTO cmstop_aca VALUES ('670', '138', 'article', 'article', 'publish', '发布');
INSERT INTO cmstop_aca VALUES ('671', '138', 'article', 'article', 'unpublish', '撤稿');

-- ----------------------------
-- Table structure for `cmstop_role`
-- ----------------------------
DROP TABLE IF EXISTS `cmstop_role`;
CREATE TABLE `cmstop_role` (
  `roleid` tinyint(3) unsigned NOT NULL auto_increment,
  `name` char(20) NOT NULL,
  PRIMARY KEY  (`roleid`)
) ENGINE=InnoDB AUTO_INCREMENT=14 DEFAULT CHARSET=utf8;

-- ----------------------------
-- Records of cmstop_role
-- ----------------------------
INSERT INTO cmstop_role VALUES ('1', '超级管理员');
INSERT INTO cmstop_role VALUES ('2', '总编辑');
INSERT INTO cmstop_role VALUES ('3', '频道主编');
INSERT INTO cmstop_role VALUES ('4', '页面编辑');
INSERT INTO cmstop_role VALUES ('5', '区块编辑');
INSERT INTO cmstop_role VALUES ('6', '内容编辑');
INSERT INTO cmstop_role VALUES ('7', '发稿员');
INSERT INTO cmstop_role VALUES ('9', '会员管理员');
INSERT INTO cmstop_role VALUES ('10', '报纸管理员');
INSERT INTO cmstop_role VALUES ('11', '杂志管理员');
INSERT INTO cmstop_role VALUES ('13', '评论管理员');

-- ----------------------------
-- Table structure for `cmstop_role_aca`
-- ----------------------------
DROP TABLE IF EXISTS `cmstop_role_aca`;
CREATE TABLE `cmstop_role_aca` (
  `roleid` tinyint(3) unsigned NOT NULL default '0',
  `acaid` smallint(5) unsigned NOT NULL default '0',
  PRIMARY KEY  (`roleid`,`acaid`),
  KEY `acaid` (`acaid`),
  CONSTRAINT `cmstop_role_aca_ibfk_1` FOREIGN KEY (`acaid`) REFERENCES `cmstop_aca` (`acaid`) ON DELETE CASCADE,
  CONSTRAINT `cmstop_role_aca_ibfk_2` FOREIGN KEY (`roleid`) REFERENCES `cmstop_role` (`roleid`) ON DELETE CASCADE
) ENGINE=InnoDB DEFAULT CHARSET=utf8;

-- ----------------------------
-- Records of cmstop_role_aca
-- ----------------------------
INSERT INTO cmstop_role_aca VALUES ('2', '5');
INSERT INTO cmstop_role_aca VALUES ('3', '6');
INSERT INTO cmstop_role_aca VALUES ('4', '6');
INSERT INTO cmstop_role_aca VALUES ('5', '6');
INSERT INTO cmstop_role_aca VALUES ('6', '6');
INSERT INTO cmstop_role_aca VALUES ('7', '6');
INSERT INTO cmstop_role_aca VALUES ('3', '9');
INSERT INTO cmstop_role_aca VALUES ('3', '12');
INSERT INTO cmstop_role_aca VALUES ('3', '13');
INSERT INTO cmstop_role_aca VALUES ('4', '13');
INSERT INTO cmstop_role_aca VALUES ('5', '13');
INSERT INTO cmstop_role_aca VALUES ('6', '13');
INSERT INTO cmstop_role_aca VALUES ('7', '13');
INSERT INTO cmstop_role_aca VALUES ('3', '14');
INSERT INTO cmstop_role_aca VALUES ('5', '14');
INSERT INTO cmstop_role_aca VALUES ('6', '14');
INSERT INTO cmstop_role_aca VALUES ('2', '15');
INSERT INTO cmstop_role_aca VALUES ('2', '16');
INSERT INTO cmstop_role_aca VALUES ('2', '17');
INSERT INTO cmstop_role_aca VALUES ('2', '26');
INSERT INTO cmstop_role_aca VALUES ('2', '30');
INSERT INTO cmstop_role_aca VALUES ('3', '30');
INSERT INTO cmstop_role_aca VALUES ('6', '31');
INSERT INTO cmstop_role_aca VALUES ('7', '31');
INSERT INTO cmstop_role_aca VALUES ('6', '32');
INSERT INTO cmstop_role_aca VALUES ('7', '32');
INSERT INTO cmstop_role_aca VALUES ('6', '33');
INSERT INTO cmstop_role_aca VALUES ('6', '34');
INSERT INTO cmstop_role_aca VALUES ('6', '35');
INSERT INTO cmstop_role_aca VALUES ('7', '35');
INSERT INTO cmstop_role_aca VALUES ('2', '37');
INSERT INTO cmstop_role_aca VALUES ('3', '37');
INSERT INTO cmstop_role_aca VALUES ('6', '38');
INSERT INTO cmstop_role_aca VALUES ('2', '40');
INSERT INTO cmstop_role_aca VALUES ('3', '40');
INSERT INTO cmstop_role_aca VALUES ('6', '41');
INSERT INTO cmstop_role_aca VALUES ('6', '42');
INSERT INTO cmstop_role_aca VALUES ('2', '44');
INSERT INTO cmstop_role_aca VALUES ('3', '44');
INSERT INTO cmstop_role_aca VALUES ('6', '45');
INSERT INTO cmstop_role_aca VALUES ('6', '46');
INSERT INTO cmstop_role_aca VALUES ('6', '47');
INSERT INTO cmstop_role_aca VALUES ('2', '58');
INSERT INTO cmstop_role_aca VALUES ('3', '59');
INSERT INTO cmstop_role_aca VALUES ('6', '59');
INSERT INTO cmstop_role_aca VALUES ('6', '60');
INSERT INTO cmstop_role_aca VALUES ('2', '63');
INSERT INTO cmstop_role_aca VALUES ('3', '63');
INSERT INTO cmstop_role_aca VALUES ('6', '63');
INSERT INTO cmstop_role_aca VALUES ('2', '70');
INSERT INTO cmstop_role_aca VALUES ('3', '71');
INSERT INTO cmstop_role_aca VALUES ('6', '71');
INSERT INTO cmstop_role_aca VALUES ('6', '72');
INSERT INTO cmstop_role_aca VALUES ('2', '76');
INSERT INTO cmstop_role_aca VALUES ('3', '76');
INSERT INTO cmstop_role_aca VALUES ('6', '77');
INSERT INTO cmstop_role_aca VALUES ('2', '80');
INSERT INTO cmstop_role_aca VALUES ('3', '81');
INSERT INTO cmstop_role_aca VALUES ('6', '81');
INSERT INTO cmstop_role_aca VALUES ('6', '82');
INSERT INTO cmstop_role_aca VALUES ('6', '83');
INSERT INTO cmstop_role_aca VALUES ('3', '86');
INSERT INTO cmstop_role_aca VALUES ('6', '86');
INSERT INTO cmstop_role_aca VALUES ('2', '88');
INSERT INTO cmstop_role_aca VALUES ('3', '88');
INSERT INTO cmstop_role_aca VALUES ('6', '88');
INSERT INTO cmstop_role_aca VALUES ('2', '92');
INSERT INTO cmstop_role_aca VALUES ('3', '92');
INSERT INTO cmstop_role_aca VALUES ('6', '92');
INSERT INTO cmstop_role_aca VALUES ('2', '93');
INSERT INTO cmstop_role_aca VALUES ('3', '93');
INSERT INTO cmstop_role_aca VALUES ('6', '93');
INSERT INTO cmstop_role_aca VALUES ('2', '94');
INSERT INTO cmstop_role_aca VALUES ('3', '94');
INSERT INTO cmstop_role_aca VALUES ('3', '95');
INSERT INTO cmstop_role_aca VALUES ('6', '95');
INSERT INTO cmstop_role_aca VALUES ('2', '96');
INSERT INTO cmstop_role_aca VALUES ('3', '96');
INSERT INTO cmstop_role_aca VALUES ('6', '96');
INSERT INTO cmstop_role_aca VALUES ('2', '97');
INSERT INTO cmstop_role_aca VALUES ('3', '97');
INSERT INTO cmstop_role_aca VALUES ('6', '97');
INSERT INTO cmstop_role_aca VALUES ('2', '99');
INSERT INTO cmstop_role_aca VALUES ('3', '99');
INSERT INTO cmstop_role_aca VALUES ('6', '101');
INSERT INTO cmstop_role_aca VALUES ('2', '103');
INSERT INTO cmstop_role_aca VALUES ('2', '104');
INSERT INTO cmstop_role_aca VALUES ('3', '105');
INSERT INTO cmstop_role_aca VALUES ('6', '105');
INSERT INTO cmstop_role_aca VALUES ('6', '106');
INSERT INTO cmstop_role_aca VALUES ('6', '107');
INSERT INTO cmstop_role_aca VALUES ('2', '109');
INSERT INTO cmstop_role_aca VALUES ('3', '109');
INSERT INTO cmstop_role_aca VALUES ('2', '110');
INSERT INTO cmstop_role_aca VALUES ('3', '110');
INSERT INTO cmstop_role_aca VALUES ('2', '111');
INSERT INTO cmstop_role_aca VALUES ('3', '112');
INSERT INTO cmstop_role_aca VALUES ('6', '112');
INSERT INTO cmstop_role_aca VALUES ('6', '113');
INSERT INTO cmstop_role_aca VALUES ('6', '114');
INSERT INTO cmstop_role_aca VALUES ('2', '117');
INSERT INTO cmstop_role_aca VALUES ('3', '117');
INSERT INTO cmstop_role_aca VALUES ('6', '117');
INSERT INTO cmstop_role_aca VALUES ('2', '129');
INSERT INTO cmstop_role_aca VALUES ('3', '129');
INSERT INTO cmstop_role_aca VALUES ('6', '133');
INSERT INTO cmstop_role_aca VALUES ('2', '135');
INSERT INTO cmstop_role_aca VALUES ('3', '135');
INSERT INTO cmstop_role_aca VALUES ('6', '135');
INSERT INTO cmstop_role_aca VALUES ('2', '136');
INSERT INTO cmstop_role_aca VALUES ('2', '137');
INSERT INTO cmstop_role_aca VALUES ('3', '137');
INSERT INTO cmstop_role_aca VALUES ('6', '139');
INSERT INTO cmstop_role_aca VALUES ('7', '139');
INSERT INTO cmstop_role_aca VALUES ('6', '140');
INSERT INTO cmstop_role_aca VALUES ('6', '141');
INSERT INTO cmstop_role_aca VALUES ('7', '141');
INSERT INTO cmstop_role_aca VALUES ('6', '142');
INSERT INTO cmstop_role_aca VALUES ('7', '142');
INSERT INTO cmstop_role_aca VALUES ('6', '143');
INSERT INTO cmstop_role_aca VALUES ('6', '144');
INSERT INTO cmstop_role_aca VALUES ('6', '145');
INSERT INTO cmstop_role_aca VALUES ('7', '145');
INSERT INTO cmstop_role_aca VALUES ('6', '146');
INSERT INTO cmstop_role_aca VALUES ('6', '147');
INSERT INTO cmstop_role_aca VALUES ('7', '147');
INSERT INTO cmstop_role_aca VALUES ('6', '148');
INSERT INTO cmstop_role_aca VALUES ('2', '150');
INSERT INTO cmstop_role_aca VALUES ('3', '150');
INSERT INTO cmstop_role_aca VALUES ('6', '151');
INSERT INTO cmstop_role_aca VALUES ('6', '152');
INSERT INTO cmstop_role_aca VALUES ('2', '162');
INSERT INTO cmstop_role_aca VALUES ('3', '163');
INSERT INTO cmstop_role_aca VALUES ('6', '163');
INSERT INTO cmstop_role_aca VALUES ('3', '164');
INSERT INTO cmstop_role_aca VALUES ('6', '164');
INSERT INTO cmstop_role_aca VALUES ('3', '174');
INSERT INTO cmstop_role_aca VALUES ('6', '174');
INSERT INTO cmstop_role_aca VALUES ('3', '175');
INSERT INTO cmstop_role_aca VALUES ('6', '175');
INSERT INTO cmstop_role_aca VALUES ('3', '176');
INSERT INTO cmstop_role_aca VALUES ('6', '176');
INSERT INTO cmstop_role_aca VALUES ('2', '178');
INSERT INTO cmstop_role_aca VALUES ('3', '178');
INSERT INTO cmstop_role_aca VALUES ('6', '179');
INSERT INTO cmstop_role_aca VALUES ('6', '188');
INSERT INTO cmstop_role_aca VALUES ('6', '190');
INSERT INTO cmstop_role_aca VALUES ('2', '197');
INSERT INTO cmstop_role_aca VALUES ('3', '197');
INSERT INTO cmstop_role_aca VALUES ('6', '197');
INSERT INTO cmstop_role_aca VALUES ('2', '207');
INSERT INTO cmstop_role_aca VALUES ('3', '207');
INSERT INTO cmstop_role_aca VALUES ('6', '207');
INSERT INTO cmstop_role_aca VALUES ('2', '233');
INSERT INTO cmstop_role_aca VALUES ('3', '233');
INSERT INTO cmstop_role_aca VALUES ('6', '233');
INSERT INTO cmstop_role_aca VALUES ('2', '260');
INSERT INTO cmstop_role_aca VALUES ('3', '260');
INSERT INTO cmstop_role_aca VALUES ('6', '260');
INSERT INTO cmstop_role_aca VALUES ('2', '268');
INSERT INTO cmstop_role_aca VALUES ('3', '268');
INSERT INTO cmstop_role_aca VALUES ('13', '269');
INSERT INTO cmstop_role_aca VALUES ('6', '270');
INSERT INTO cmstop_role_aca VALUES ('2', '289');
INSERT INTO cmstop_role_aca VALUES ('3', '289');
INSERT INTO cmstop_role_aca VALUES ('6', '292');
INSERT INTO cmstop_role_aca VALUES ('2', '299');
INSERT INTO cmstop_role_aca VALUES ('3', '299');
INSERT INTO cmstop_role_aca VALUES ('2', '302');
INSERT INTO cmstop_role_aca VALUES ('6', '302');
INSERT INTO cmstop_role_aca VALUES ('3', '303');
INSERT INTO cmstop_role_aca VALUES ('7', '303');
INSERT INTO cmstop_role_aca VALUES ('3', '304');
INSERT INTO cmstop_role_aca VALUES ('7', '304');
INSERT INTO cmstop_role_aca VALUES ('3', '305');
INSERT INTO cmstop_role_aca VALUES ('7', '305');
INSERT INTO cmstop_role_aca VALUES ('3', '307');
INSERT INTO cmstop_role_aca VALUES ('7', '307');
INSERT INTO cmstop_role_aca VALUES ('3', '308');
INSERT INTO cmstop_role_aca VALUES ('7', '308');
INSERT INTO cmstop_role_aca VALUES ('3', '309');
INSERT INTO cmstop_role_aca VALUES ('7', '309');
INSERT INTO cmstop_role_aca VALUES ('3', '310');
INSERT INTO cmstop_role_aca VALUES ('7', '310');
INSERT INTO cmstop_role_aca VALUES ('3', '311');
INSERT INTO cmstop_role_aca VALUES ('7', '311');
INSERT INTO cmstop_role_aca VALUES ('2', '312');
INSERT INTO cmstop_role_aca VALUES ('3', '316');
INSERT INTO cmstop_role_aca VALUES ('6', '316');
INSERT INTO cmstop_role_aca VALUES ('2', '322');
INSERT INTO cmstop_role_aca VALUES ('2', '350');
INSERT INTO cmstop_role_aca VALUES ('2', '356');
INSERT INTO cmstop_role_aca VALUES ('11', '356');
INSERT INTO cmstop_role_aca VALUES ('9', '377');
INSERT INTO cmstop_role_aca VALUES ('9', '378');
INSERT INTO cmstop_role_aca VALUES ('9', '384');
INSERT INTO cmstop_role_aca VALUES ('9', '397');
INSERT INTO cmstop_role_aca VALUES ('2', '405');
INSERT INTO cmstop_role_aca VALUES ('3', '405');
INSERT INTO cmstop_role_aca VALUES ('2', '414');
INSERT INTO cmstop_role_aca VALUES ('4', '414');
INSERT INTO cmstop_role_aca VALUES ('5', '415');
INSERT INTO cmstop_role_aca VALUES ('3', '417');
INSERT INTO cmstop_role_aca VALUES ('6', '417');
INSERT INTO cmstop_role_aca VALUES ('5', '420');
INSERT INTO cmstop_role_aca VALUES ('5', '421');
INSERT INTO cmstop_role_aca VALUES ('5', '426');
INSERT INTO cmstop_role_aca VALUES ('5', '427');
INSERT INTO cmstop_role_aca VALUES ('5', '438');
INSERT INTO cmstop_role_aca VALUES ('5', '439');
INSERT INTO cmstop_role_aca VALUES ('5', '440');
INSERT INTO cmstop_role_aca VALUES ('5', '441');
INSERT INTO cmstop_role_aca VALUES ('5', '442');
INSERT INTO cmstop_role_aca VALUES ('5', '443');
INSERT INTO cmstop_role_aca VALUES ('5', '444');
INSERT INTO cmstop_role_aca VALUES ('5', '445');
INSERT INTO cmstop_role_aca VALUES ('5', '446');
INSERT INTO cmstop_role_aca VALUES ('5', '447');
INSERT INTO cmstop_role_aca VALUES ('5', '448');
INSERT INTO cmstop_role_aca VALUES ('5', '449');
INSERT INTO cmstop_role_aca VALUES ('5', '450');
INSERT INTO cmstop_role_aca VALUES ('5', '451');
INSERT INTO cmstop_role_aca VALUES ('5', '452');
INSERT INTO cmstop_role_aca VALUES ('5', '453');
INSERT INTO cmstop_role_aca VALUES ('5', '454');
INSERT INTO cmstop_role_aca VALUES ('5', '455');
INSERT INTO cmstop_role_aca VALUES ('5', '456');
INSERT INTO cmstop_role_aca VALUES ('5', '459');
INSERT INTO cmstop_role_aca VALUES ('5', '461');
INSERT INTO cmstop_role_aca VALUES ('5', '462');
INSERT INTO cmstop_role_aca VALUES ('6', '462');
INSERT INTO cmstop_role_aca VALUES ('5', '463');
INSERT INTO cmstop_role_aca VALUES ('2', '468');
INSERT INTO cmstop_role_aca VALUES ('10', '468');
INSERT INTO cmstop_role_aca VALUES ('2', '504');
INSERT INTO cmstop_role_aca VALUES ('2', '505');
INSERT INTO cmstop_role_aca VALUES ('2', '507');
INSERT INTO cmstop_role_aca VALUES ('2', '513');
INSERT INTO cmstop_role_aca VALUES ('3', '513');
INSERT INTO cmstop_role_aca VALUES ('6', '513');
INSERT INTO cmstop_role_aca VALUES ('2', '552');
INSERT INTO cmstop_role_aca VALUES ('3', '552');
INSERT INTO cmstop_role_aca VALUES ('6', '569');
