-- phpMyAdmin SQL Dump
-- version 3.0.1
-- http://www.phpmyadmin.net
--
-- 主机: localhost
-- 生成日期: 2013 年 04 月 08 日 01:54
-- 服务器版本: 5.5.17
-- PHP 版本: 5.2.17

SET SQL_MODE="NO_AUTO_VALUE_ON_ZERO";

--
-- 数据库: `cmstop`
--

-- --------------------------------------------------------

--
-- 表的结构 `cmstop_aca`
--

CREATE TABLE IF NOT EXISTS `cmstop_aca` (
  `acaid` smallint(5) unsigned NOT NULL AUTO_INCREMENT,
  `parentid` smallint(5) unsigned DEFAULT NULL,
  `app` varchar(15) NOT NULL,
  `controller` varchar(30) DEFAULT NULL,
  `action` text,
  `name` varchar(30) NOT NULL,
  PRIMARY KEY (`acaid`),
  KEY `parentid` (`parentid`)
) ENGINE=InnoDB  DEFAULT CHARSET=utf8 AUTO_INCREMENT=1223 ;

--
-- 导出表中的数据 `cmstop_aca`
--

INSERT INTO `cmstop_aca` (`acaid`, `parentid`, `app`, `controller`, `action`, `name`) VALUES
(1, NULL, 'system', NULL, NULL, '系统'),
(2, 1, 'system', 'aca', NULL, '权限'),
(3, 1, 'system', 'administrator', NULL, '管理员'),
(4, 1, 'system', 'adminlog', NULL, '操作日志'),
(5, 1, 'system', 'attachment', NULL, '附件管理'),
(16, 1, 'system', 'cache', NULL, '更新缓存'),
(17, 1, 'system', 'category', NULL, '栏目管理'),
(19, 17, 'system', 'category', 'add', '新建'),
(20, 17, 'system', 'category', 'edit', '编辑'),
(21, 17, 'system', 'category', 'delete', '删除'),
(22, 17, 'system', 'category', 'move', '移动'),
(23, 17, 'system', 'category', 'repair', '修复'),
(26, 1, 'system', 'category_priv', NULL, '栏目权限'),
(27, 26, 'system', 'category_priv', 'index', '浏览'),
(28, 26, 'system', 'category_priv', 'add', '添加'),
(29, 26, 'system', 'category_priv', 'delete', '删除'),
(30, 1, 'system', 'content', NULL, '内容管理'),
(31, 30, 'system', 'content', 'index,page,search,islock', '浏览'),
(32, 30, 'system', 'content', 'edit,miniedit', '编辑'),
(33, 30, 'system', 'content', 'delete', '删除至回收站'),
(34, 30, 'system', 'content', 'move', '移动'),
(35, 30, 'system', 'content', 'reference', '引用'),
(36, 30, 'system', 'content', 'clear', '彻底删除'),
(37, 1, 'system', 'content_log', NULL, '内容日志'),
(38, 37, 'system', 'content_log', 'index,page,search', '浏览'),
(39, 37, 'system', 'content_log', 'delete', '删除'),
(40, 1, 'system', 'content_note', NULL, '批注'),
(41, 40, 'system', 'content_note', 'index,page,search', '浏览'),
(42, 40, 'system', 'content_note', 'add', '添加'),
(43, 40, 'system', 'content_note', 'delete', '删除'),
(44, 1, 'system', 'content_version', NULL, '版本'),
(45, 44, 'system', 'content_version', 'index,view', '浏览'),
(46, 44, 'system', 'content_version', 'add', '添加'),
(47, 44, 'system', 'content_version', 'restore', '恢复'),
(48, 44, 'system', 'content_version', 'delete', '删除'),
(49, 1, 'system', 'cron', NULL, '计划任务'),
(51, 1, 'system', 'department', NULL, '部门'),
(52, 1, 'system', 'dsn', NULL, '数据源管理'),
(57, 1, 'system', 'file', NULL, '文件'),
(58, 1, 'system', 'filterword', NULL, '敏感词'),
(63, 1, 'system', 'html', NULL, '批量生成网页'),
(69, 1, 'system', 'ipbanned', NULL, 'IP 禁止'),
(70, 1, 'system', 'keylink', NULL, '关键词链接'),
(74, 1, 'system', 'menu', NULL, '菜单'),
(75, 1, 'system', 'model', NULL, '内容模型'),
(76, 1, 'system', 'port', NULL, '外部数据端口'),
(80, 1, 'system', 'property', NULL, '自定义属性'),
(87, 1, 'system', 'psn', NULL, '发布点'),
(96, 1, 'system', 'rank', NULL, '排行榜'),
(97, 1, 'system', 'related', NULL, '相关内容'),
(98, 1, 'system', 'role', NULL, '角色'),
(99, 1, 'system', 'score', NULL, '评分'),
(100, 99, 'system', 'score', 'index,edit,editor,score_edit', '评分'),
(101, 99, 'system', 'score', 'view,page', '查看'),
(102, 1, 'system', 'setting', NULL, '全局配置'),
(103, 1, 'system', 'sitemaps', NULL, '网站地图'),
(104, 1, 'system', 'source', NULL, '来源'),
(109, 1, 'system', 'stat', NULL, '统计'),
(110, 1, 'system', 'stat_examine', NULL, '编辑考核'),
(111, 1, 'system', 'tag', NULL, 'Tags'),
(116, 1, 'system', 'template', NULL, '模板管理'),
(136, 1, 'system', 'workflow', NULL, '工作流'),
(137, NULL, 'article', NULL, NULL, '文章'),
(138, 137, 'article', 'article', NULL, '文章'),
(139, 138, 'article', 'article', 'add,miniadd,related,thumb', '添加'),
(141, 138, 'article', 'article', 'view', '查看'),
(143, 138, 'article', 'article', 'copy', '复制'),
(145, 138, 'article', 'article', 'reference', '引用'),
(146, 138, 'article', 'article', 'move', '移动'),
(148, 137, 'article', 'html', NULL, '生成'),
(149, 137, 'article', 'setting', NULL, '设置'),
(150, NULL, 'picture', NULL, NULL, '组图'),
(151, 150, 'picture', 'html', NULL, '生成'),
(161, 150, 'picture', 'setting', NULL, '设置'),
(162, NULL, 'video', NULL, NULL, '视频'),
(163, 162, 'video', 'html', NULL, '生成'),
(164, 162, 'video', 'video', NULL, '管理'),
(165, 164, 'video', 'video', 'add,related', '添加'),
(166, 164, 'video', 'video', 'edit,miniedit,related', '编辑'),
(167, 164, 'video', 'video', 'view', '查看'),
(169, 164, 'video', 'video', 'reference', '引用'),
(170, 164, 'video', 'video', 'move', '移动'),
(171, 164, 'video', 'video', 'upload', '上传'),
(173, 162, 'video', 'vms', NULL, '视频库'),
(178, NULL, 'activity', NULL, NULL, '活动'),
(179, 178, 'activity', 'activity', NULL, '管理'),
(180, 179, 'activity', 'activity', 'add,related', '添加'),
(181, 179, 'activity', 'activity', 'edit,miniedit,related', '编辑'),
(182, 179, 'activity', 'activity', 'view', '查看'),
(183, 179, 'activity', 'activity', 'viewsigns', '查看报名'),
(185, 179, 'activity', 'activity', 'reference', '引用'),
(186, 179, 'activity', 'activity', 'move', '移动'),
(187, 179, 'activity', 'activity', 'stop,unstop', '开始/结束'),
(188, 178, 'activity', 'html', NULL, '生成'),
(190, 178, 'activity', 'sign', NULL, '报名管理'),
(191, 190, 'activity', 'sign', 'view,page', '查看'),
(192, 190, 'activity', 'sign', 'edit', '编辑'),
(193, 190, 'activity', 'sign', 'pass,unpass', '审核'),
(195, 190, 'activity', 'sign', 'delete', '删除'),
(196, 190, 'activity', 'sign', 'export', '导出'),
(197, NULL, 'vote', NULL, NULL, '投票'),
(198, 197, 'vote', 'html', NULL, '生成'),
(199, 197, 'vote', 'log', NULL, '投票记录'),
(200, 197, 'vote', 'vote', NULL, '管理'),
(201, 200, 'vote', 'vote', 'add,related,addlink,upload', '添加'),
(202, 200, 'vote', 'vote', 'edit,miniedit,related,addlink,upload', '编辑'),
(205, 200, 'vote', 'vote', 'reference', '引用'),
(206, 200, 'vote', 'vote', 'move', '移动'),
(207, NULL, 'survey', NULL, NULL, '调查问卷'),
(208, 207, 'survey', 'export', NULL, '导出'),
(209, 207, 'survey', 'html', NULL, '生成'),
(210, 207, 'survey', 'question', NULL, '表单设计'),
(217, 207, 'survey', 'report', NULL, '分析报告'),
(225, 207, 'survey', 'survey', NULL, '管理'),
(226, 225, 'survey', 'survey', 'index,page,search,view', '浏览'),
(227, 225, 'survey', 'survey', 'add,related', '添加'),
(228, 225, 'survey', 'survey', 'edit,miniedit,related', '编辑'),
(229, 225, 'survey', 'survey', 'data_clear', '清空调查记录'),
(231, 225, 'survey', 'survey', 'reference', '引用'),
(232, 225, 'survey', 'survey', 'move', '移动'),
(233, NULL, 'interview', NULL, NULL, '访谈'),
(234, 233, 'interview', 'chat', NULL, '文字实录'),
(239, 233, 'interview', 'html', NULL, '生成'),
(240, 233, 'interview', 'interview', NULL, '管理'),
(241, 240, 'interview', 'interview', 'index,page,search,view', '浏览'),
(242, 240, 'interview', 'interview', 'add,upload', '添加'),
(243, 240, 'interview', 'interview', 'edit,miniedit,state,upload', '编辑'),
(244, 240, 'interview', 'interview', 'review,view_review', '精彩观点'),
(245, 240, 'interview', 'interview', 'notice,view_notice', '滚动公告'),
(246, 240, 'interview', 'interview', 'picture,view_picture', '图片报道'),
(248, 240, 'interview', 'interview', 'reference', '引用'),
(249, 240, 'interview', 'interview', 'move', '移动'),
(251, 233, 'interview', 'question', NULL, '网友互动'),
(260, NULL, 'link', NULL, NULL, '链接'),
(261, 260, 'link', 'link', NULL, '管理'),
(262, 261, 'link', 'link', 'add,related', '添加'),
(263, 261, 'link', 'link', 'edit,related', '编辑'),
(264, 261, 'link', 'link', 'view', '查看'),
(266, 261, 'link', 'link', 'reference', '引用'),
(267, 261, 'link', 'link', 'move', '移动'),
(268, NULL, 'comment', NULL, NULL, '评论'),
(269, 268, 'comment', 'comment', NULL, '管理'),
(270, 269, 'comment', 'comment', 'index,page', '浏览'),
(271, 269, 'comment', 'comment', 'edit', '编辑'),
(272, 269, 'comment', 'comment', 'check', '通过'),
(273, 269, 'comment', 'comment', 'delete', '删除'),
(274, 269, 'comment', 'comment', 'ip_edit', '修改 IP'),
(275, 269, 'comment', 'comment', 'ip_disallow', 'IP 锁定'),
(276, 269, 'comment', 'comment', 'ip_delete', '删除指定 IP 所有评论'),
(277, 269, 'comment', 'comment', 'top', '评论置顶'),
(278, 269, 'comment', 'comment', 'canceltop', '取消置顶'),
(279, 269, 'comment', 'comment', 'topic,topic_page', '话题管理'),
(280, 269, 'comment', 'comment', 'topic_add', '添加话题'),
(281, 269, 'comment', 'comment', 'topic_enable', '话题开启'),
(282, 269, 'comment', 'comment', 'topic_disable', '话题关闭'),
(283, 269, 'comment', 'comment', 'topic_del', '删除话题'),
(284, 269, 'comment', 'comment', 'report,report_page', '举报评论管理'),
(285, 269, 'comment', 'comment', 'report_reset', '举报重置'),
(286, 269, 'comment', 'comment', 'sensitive,sensitive_page', '敏感评论'),
(287, 269, 'comment', 'comment', 'sensitive_reset', '敏感重置'),
(288, 268, 'comment', 'setting', NULL, '设置'),
(289, NULL, 'contribution', NULL, NULL, '投稿管理'),
(291, 289, 'contribution', 'index', NULL, '管理'),
(292, 291, 'contribution', 'index', 'index,page,view', '浏览'),
(293, 291, 'contribution', 'index', 'add', '添加'),
(294, 291, 'contribution', 'index', 'reject', '退稿'),
(295, 291, 'contribution', 'index', 'remove', '删除'),
(296, 291, 'contribution', 'index', 'delete', '彻底删除'),
(297, 291, 'contribution', 'index', 'clear', '清空回收站'),
(298, 289, 'contribution', 'setting', NULL, '设置'),
(299, NULL, 'digg', NULL, NULL, 'Digg'),
(300, 299, 'digg', 'digg', NULL, '排行榜'),
(301, 299, 'digg', 'setting', NULL, '设置'),
(302, NULL, 'editor', NULL, NULL, '编辑器设置'),
(312, NULL, 'field', NULL, NULL, '扩展字段管理'),
(322, NULL, 'freelist', NULL, NULL, '自由列表'),
(323, 322, 'freelist', 'freelist', NULL, '列表管理'),
(324, 323, 'freelist', 'freelist', 'index,page', '浏览'),
(325, 323, 'freelist', 'freelist', 'add', '基本设置'),
(326, 323, 'freelist', 'freelist', 'fadd', '配置筛选器'),
(327, 323, 'freelist', 'freelist', 'getview', '显示列表'),
(328, 323, 'freelist', 'freelist', 'delete', '批量删除'),
(329, 323, 'freelist', 'freelist', 'update', '批量更新'),
(330, 323, 'freelist', 'freelist', 'stop', '批量停止更新'),
(331, 322, 'freelist', 'group', NULL, '分组管理'),
(332, 331, 'freelist', 'group', 'index,page', '浏览'),
(333, 331, 'freelist', 'group', 'add', '添加'),
(334, 331, 'freelist', 'group', 'edit', '编辑'),
(335, 331, 'freelist', 'group', 'delete', '删除'),
(336, NULL, 'guestbook', NULL, NULL, '留言本'),
(337, 336, 'guestbook', 'guestbook', NULL, '留言管理'),
(338, 337, 'guestbook', 'guestbook', 'index,page', '浏览'),
(339, 337, 'guestbook', 'guestbook', 'reply', '回复'),
(340, 337, 'guestbook', 'guestbook', 'replyed', '已回复'),
(341, 337, 'guestbook', 'guestbook', 'send_email', '发送邮件'),
(342, 337, 'guestbook', 'guestbook', 'edit_content', '编辑内容'),
(343, 337, 'guestbook', 'guestbook', 'delete', '删除'),
(344, 336, 'guestbook', 'setting', NULL, '设置'),
(345, 336, 'guestbook', 'type', NULL, '类型管理'),
(346, 345, 'guestbook', 'type', 'index,page', '浏览'),
(347, 345, 'guestbook', 'type', 'add', '添加'),
(348, 345, 'guestbook', 'type', 'edit', '编辑'),
(349, 345, 'guestbook', 'type', 'delete', '删除'),
(350, NULL, 'history', NULL, NULL, '历史页面'),
(356, NULL, 'magazine', NULL, NULL, '电子杂志'),
(357, 356, 'magazine', 'content', NULL, '栏目内容管理'),
(358, 357, 'magazine', 'content', 'index,page', '浏览'),
(359, 357, 'magazine', 'content', 'delete', '删除'),
(360, 357, 'magazine', 'content', 'relate,getArticle,saveRelate', '关联文章'),
(361, 356, 'magazine', 'edition', NULL, '期号管理'),
(362, 361, 'magazine', 'edition', 'index,page', '浏览'),
(363, 361, 'magazine', 'edition', 'save', '新建期号'),
(364, 361, 'magazine', 'edition', 'delete', '删除期号'),
(365, 361, 'magazine', 'edition', 'disabled', '批量修改状态'),
(366, 356, 'magazine', 'magazine', NULL, '杂志管理'),
(367, 366, 'magazine', 'magazine', 'index,page', '浏览'),
(368, 366, 'magazine', 'magazine', 'save', '保存'),
(369, 366, 'magazine', 'magazine', 'delete', '删除'),
(370, 356, 'magazine', 'page', NULL, '栏目管理'),
(371, 370, 'magazine', 'page', 'index,page', '浏览'),
(372, 370, 'magazine', 'page', 'save', '保存'),
(373, 370, 'magazine', 'page', 'add', '添加'),
(374, 370, 'magazine', 'page', 'delete', '删除'),
(375, 370, 'magazine', 'page', 'publish', '发布'),
(376, NULL, 'member', NULL, NULL, '会员'),
(377, 376, 'member', 'audit', NULL, '审核用户'),
(378, 376, 'member', 'group', NULL, '用户组管理'),
(379, 378, 'member', 'group', 'index,page', '浏览'),
(380, 378, 'member', 'group', 'add', '添加'),
(381, 378, 'member', 'group', 'edit', '编辑'),
(382, 378, 'member', 'group', 'delete', '删除'),
(384, 376, 'member', 'index', NULL, '管理用户'),
(385, 384, 'member', 'index', 'index,page,search', '浏览'),
(386, 384, 'member', 'index', 'add', '添加'),
(387, 384, 'member', 'index', 'edit', '编辑'),
(388, 384, 'member', 'index', 'password', '修改密码'),
(389, 384, 'member', 'index', 'delete', '删除'),
(390, 384, 'member', 'index', 'remarks', '备注'),
(392, 384, 'member', 'index', 'avatar', '修改头像'),
(394, 384, 'member', 'index', 'sendmail', '发送邮件'),
(395, 384, 'member', 'index', 'show_unlock,locked_page', '查看锁定用户'),
(396, 384, 'member', 'index', 'unlock', '解锁用户'),
(397, 376, 'member', 'log', NULL, '登陆日志'),
(398, 397, 'member', 'log', 'index,page', '浏览'),
(399, 397, 'member', 'log', 'delete', '删除'),
(400, 376, 'member', 'setting', NULL, '设置'),
(405, NULL, 'mood', NULL, NULL, '心情'),
(406, 405, 'mood', 'data', NULL, '排行榜'),
(407, 405, 'mood', 'mood', NULL, '方案设置'),
(413, 405, 'mood', 'setting', NULL, '心情设置'),
(414, NULL, 'page', NULL, NULL, '页面'),
(419, 414, 'page', 'page', NULL, '页面管理'),
(421, 419, 'page', 'page', 'index,view,sectionlog,publish,visualedit,preview,logs,logs_page', '维护'),
(422, 419, 'page', 'page', 'manage,admin,property,sectionlog,publish,edit,visualedit,preview,add,bakup,bakSuggest,recover,exportTemplate,remove,restore,delete,logs,logs_page', '管理'),
(433, 414, 'page', 'page_priv', NULL, '页面权限'),
(434, 433, 'page', 'page_priv', 'index', '浏览'),
(435, 433, 'page', 'page_priv', 'add', '添加'),
(436, 433, 'page', 'page_priv', 'delete', '删除'),
(437, 414, 'page', 'section', NULL, '区块管理'),
(438, 437, 'page', 'section', 'edit,visual,preview,lock,unlock,unsave,delrow,uprow,downrow,addrow,additem,delitem,edititem,leftitem,rightitem,logpack,restorelog,clearlog,getlog,grap,publish,view,loadViewHtml,recommend,recommendItem,rejectRecommend,removeRecommend,get_section_info', '维护'),
(439, 437, 'page', 'section', 'property,visual,preview,logpack,getlog,add,publish,remove,restore,delete,move,copy,change_type,fill_data', '管理'),
(464, 414, 'page', 'section_priv', NULL, '区块权限'),
(465, 464, 'page', 'section_priv', 'index,ls', '浏览'),
(466, 464, 'page', 'section_priv', 'add', '添加'),
(467, 464, 'page', 'section_priv', 'delete', '删除'),
(468, NULL, 'paper', NULL, NULL, '电子报纸'),
(469, 468, 'paper', 'content', NULL, '版面内容管理'),
(470, 469, 'paper', 'content', 'index', '浏览'),
(471, 469, 'paper', 'content', 'relate', '关联文章'),
(472, 469, 'paper', 'content', 'getArticle', '获取文章'),
(473, 469, 'paper', 'content', 'saveMap', '保存热区'),
(474, 469, 'paper', 'content', 'delMap', '删除热区'),
(475, 469, 'paper', 'content', 'prevView', '预览'),
(476, 468, 'paper', 'edition', NULL, '期号管理'),
(477, 476, 'paper', 'edition', 'index,page', '浏览'),
(478, 476, 'paper', 'edition', 'save', '新建期号'),
(479, 476, 'paper', 'edition', 'prevView', '预览'),
(480, 476, 'paper', 'edition', 'delete', '删除'),
(481, 476, 'paper', 'edition', 'disabled', '批量修改状态'),
(482, 468, 'paper', 'page', NULL, '版面管理'),
(483, 482, 'paper', 'page', 'index,page', '浏览'),
(484, 482, 'paper', 'page', 'save', '保存'),
(485, 482, 'paper', 'page', 'add', '添加'),
(486, 482, 'paper', 'page', 'delete', '删除'),
(487, 482, 'paper', 'page', 'publish', '发布'),
(488, 482, 'paper', 'page', 'sleep', '休眠'),
(489, 482, 'paper', 'page', 'unpublish', '下线'),
(490, 468, 'paper', 'paper', NULL, '报纸管理'),
(491, 490, 'paper', 'paper', 'index,page', '浏览'),
(492, 490, 'paper', 'paper', 'save', '保存'),
(493, 490, 'paper', 'paper', 'delete', '删除'),
(504, NULL, 'push', NULL, NULL, '文章推送'),
(505, NULL, 'rss', NULL, NULL, 'RSS设置'),
(506, NULL, 'search', NULL, NULL, '搜索设置'),
(507, NULL, 'space', NULL, NULL, '个人专栏'),
(513, NULL, 'special', NULL, NULL, '专题'),
(514, 513, 'special', 'online', NULL, '页面设计'),
(516, 514, 'special', 'online', 'lock', '锁定'),
(517, 514, 'special', 'online', 'unlock', '解锁'),
(520, 514, 'special', 'online', 'addPage', '增加页面'),
(521, 514, 'special', 'online', 'setPage', '设置页面'),
(522, 514, 'special', 'online', 'copyPage', '拷贝页面'),
(523, 514, 'special', 'online', 'delPage', '删除页面'),
(526, 514, 'special', 'online', 'css', '风格'),
(529, 514, 'special', 'online', 'editTemplate', '编辑模板'),
(531, 514, 'special', 'online', 'getTemplate', '获取模板'),
(532, 514, 'special', 'online', 'getTheme', '获取风格中所有元素样式'),
(533, 514, 'special', 'online', 'setUI', '设置风格'),
(534, 514, 'special', 'online', 'delTheme', '删除风格'),
(535, 514, 'special', 'online', 'getWidget,getOneWidget', '获取模块'),
(536, 514, 'special', 'online', 'editWidget', '编辑模块'),
(537, 514, 'special', 'online', 'pubWidget', '发布模块'),
(538, 514, 'special', 'online', 'addWidget', '添加模块'),
(539, 514, 'special', 'online', 'shareWidget', '共享模块'),
(540, 514, 'special', 'online', 'unshareWidget', '取消共享模块'),
(542, 514, 'special', 'online', 'save', '保存'),
(543, 514, 'special', 'online', 'publish', '发布'),
(544, 514, 'special', 'online', 'offline', '下线'),
(545, 514, 'special', 'online', 'design', '设计'),
(547, 513, 'special', 'special', NULL, '专题管理'),
(548, 547, 'special', 'special', 'add', '添加'),
(549, 547, 'special', 'special', 'view', '查看'),
(550, 547, 'special', 'special', 'edit', '编辑'),
(551, 547, 'special', 'special', 'search', '搜索'),
(552, NULL, 'spider', NULL, NULL, '采集'),
(553, 552, 'spider', 'manager', NULL, '规则设置'),
(569, 552, 'spider', 'spider', NULL, '文章采集'),
(570, NULL, 'wap', NULL, NULL, 'WAP设置'),
(575, 179, 'activity', 'activity', 'remove', '删除'),
(578, 179, 'activity', 'activity', 'approve', '送审'),
(582, 179, 'activity', 'activity', 'publish', '发布'),
(583, 179, 'activity', 'activity', 'unpublish', '撤稿'),
(597, 240, 'interview', 'interview', 'remove', '删除'),
(604, 240, 'interview', 'interview', 'publish', '发布'),
(605, 240, 'interview', 'interview', 'unpublish', '撤稿'),
(619, 547, 'special', 'special', 'remove', '删除'),
(626, 547, 'special', 'special', 'publish', '发布'),
(627, 547, 'special', 'special', 'unpublish', '撤稿'),
(630, 225, 'survey', 'survey', 'remove', '删除'),
(633, 225, 'survey', 'survey', 'approve', '送审'),
(637, 225, 'survey', 'survey', 'publish', '发布'),
(638, 225, 'survey', 'survey', 'unpublish', '撤稿'),
(641, 164, 'video', 'video', 'remove', '删除'),
(644, 164, 'video', 'video', 'approve', '送审'),
(648, 164, 'video', 'video', 'publish', '发布'),
(649, 164, 'video', 'video', 'unpublish', '撤稿'),
(652, 200, 'vote', 'vote', 'remove', '删除'),
(659, 200, 'vote', 'vote', 'publish', '发布'),
(660, 200, 'vote', 'vote', 'unpublish', '撤稿'),
(662, 138, 'article', 'article', 'remove', '删除'),
(666, 138, 'article', 'article', 'approve', '送审'),
(670, 138, 'article', 'article', 'publish', '发布'),
(671, 138, 'article', 'article', 'unpublish', '撤稿'),
(672, NULL, 'mobile', NULL, NULL, '手机版'),
(675, NULL, 'cdn', NULL, NULL, 'CDN设置'),
(757, 261, 'link', 'link', 'remove', '删除'),
(760, 261, 'link', 'link', 'approve', '送审'),
(764, 261, 'link', 'link', 'publish', '发布'),
(765, 261, 'link', 'link', 'unpublish', '撤稿'),
(766, 356, 'magazine', 'setting', NULL, '设置'),
(767, 378, 'member', 'group', 'changegroup', '移动'),
(776, 468, 'paper', 'setting', NULL, '设置'),
(777, 150, 'picture', 'picture', NULL, '管理'),
(778, 777, 'picture', 'picture', 'add,related,remote,image', '添加'),
(779, 777, 'picture', 'picture', 'edit,miniedit,related,remote,image', '编辑'),
(780, 777, 'picture', 'picture', 'view', '查看'),
(782, 777, 'picture', 'picture', 'reference', '引用'),
(783, 777, 'picture', 'picture', 'move', '移动'),
(791, 777, 'picture', 'picture', 'remove', '删除'),
(794, 777, 'picture', 'picture', 'approve', '送审'),
(798, 777, 'picture', 'picture', 'publish', '发布'),
(799, 777, 'picture', 'picture', 'unpublish', '撤稿'),
(805, 514, 'special', 'online', 'editWidgetSetting', '编辑模块设置'),
(806, 514, 'special', 'online', 'useWidget', '使用模块'),
(812, 225, 'survey', 'survey', 'code', '获取调用代码'),
(815, 3, 'system', 'administrator', 'add,myadd', '添加'),
(816, 3, 'system', 'administrator', 'edit,myedit', '编辑'),
(817, 3, 'system', 'administrator', 'delete,mydelete', '删除'),
(818, 3, 'system', 'administrator', 'stat', '工作报表'),
(819, 3, 'system', 'administrator', 'clonepriv', '克隆权限'),
(820, 1, 'system', 'app', NULL, '扩展管理'),
(823, 30, 'system', 'content', 'compare', '对比标题'),
(839, 1, 'system', 'imgeditor', NULL, '图片编辑器设置'),
(857, 1, 'system', 'watermark', NULL, '水印方案'),
(866, 164, 'video', 'video', 'code', '获取调用代码'),
(868, 197, 'vote', 'log_data', NULL, '投票数据'),
(869, 200, 'vote', 'vote', 'view', '查看'),
(870, 200, 'vote', 'vote', 'code', '获取调用代码'),
(873, 547, 'special', 'special', 'move', '移动'),
(877, 173, 'video', 'vms', 'delete', '从回收站删除'),
(878, NULL, 'addon', NULL, NULL, '内容挂件'),
(879, 878, 'addon', 'addon', NULL, '挂件使用'),
(880, 878, 'addon', 'engine', NULL, '引擎管理'),
(881, 878, 'addon', 'setting', NULL, '挂件设置'),
(882, NULL, 'cloud', NULL, NULL, '云平台'),
(883, 882, 'cloud', 'bshare', NULL, 'BSahre 接口'),
(885, 882, 'cloud', 'cloud', NULL, 'CmsTop 云管理'),
(892, 882, 'cloud', 'thirdlogin', NULL, '合作网站账号绑定'),
(894, NULL, 'epaper', NULL, NULL, '数字报抓取'),
(895, 894, 'epaper', 'epaper', NULL, '数字报管理'),
(901, 894, 'epaper', 'import', NULL, '数字报抓取'),
(919, 414, 'page', 'section_recommend', NULL, '推荐内容管理'),
(930, 414, 'page', 'setting', NULL, '设置'),
(931, 514, 'special', 'online', 'getPages', '获取所有页面'),
(932, 514, 'special', 'online', 'createPage', '添加页面'),
(933, 514, 'special', 'online', 'renderWidget', '渲染模块'),
(934, 513, 'special', 'setting', NULL, '设置'),
(935, 934, 'special', 'setting', 'index', '设置'),
(936, 934, 'special', 'setting', 'template,pageTemplate,addTemplate,editTemplate,exportTemplate,delTemplate', '模板管理'),
(941, 934, 'special', 'setting', 'scheme,getSchemeTypes,schemeTypes,addSchemeType,editSchemeType,delSchemeType,pageScheme,addScheme,editScheme,exportScheme,delScheme', '方案管理'),
(954, 3, 'system', 'administrator', 'index,page,pagetree,suggest,name', '浏览'),
(955, 1, 'system', 'baidunews', NULL, '百度新闻源'),
(956, 17, 'system', 'category', 'index,path,reload,searchall', '浏览'),
(958, 1, 'system', 'openaca', NULL, '接口权限'),
(959, 1, 'system', 'openauth', NULL, '接口授权管理'),
(960, 1, 'system', 'port', NULL, '数据选择器'),
(967, 162, 'video', 'thirdparty', NULL, 'VMS'),
(968, 967, 'video', 'thirdparty', 'index,ls,getlist,selector,api,preview_video', '使用'),
(969, 967, 'video', 'thirdparty', 'add,edit,resort,delete', '设置'),
(974, 164, 'video', 'video', 'setting_ads', '广告设置'),
(975, 162, 'video', 'videolist', NULL, '视频专辑'),
(976, 975, 'video', 'videolist', 'index,selector,ls,getname', '浏览专辑'),
(978, 975, 'video', 'videolist', 'add', '添加专辑'),
(979, 975, 'video', 'videolist', 'edit', '修改专辑'),
(980, 975, 'video', 'videolist', 'delete', '删除专辑'),
(981, 975, 'video', 'videolist', 'html', '更新视频'),
(982, 975, 'video', 'videolist', 'video,video_ls', '视频浏览'),
(983, 975, 'video', 'videolist', 'video_add', '添加视频'),
(984, 975, 'video', 'videolist', 'video_delete', '删除视频'),
(985, 975, 'video', 'videolist', 'video_resort', '排序视频'),
(987, 173, 'video', 'vms', 'import', '批量导入'),
(990, NULL, 'weibo', NULL, NULL, '微博转发'),
(996, 990, 'weibo', 'weibo', NULL, '微博绑定与转发'),
(997, 996, 'weibo', 'weibo', 'index,addlink,get_content,upload,tweeted', '微博转发'),
(998, 996, 'weibo', 'weibo', 'account,ls,remove,set_state,sort', '账号绑定'),
(1004, 437, 'page', 'section', 'unlock,recommend,recommendItem,removeRecommend', '推荐'),
(1005, 934, 'special', 'setting', 'searchScheme,searchTemplate,addTemplate,getSchemeTypes', '页面设计'),
(1008, 179, 'activity', 'activity', 'delete', '从回收站删除'),
(1009, 179, 'activity', 'activity', 'clear', '清空回收站'),
(1010, 179, 'activity', 'activity', 'restore', '恢复'),
(1011, 179, 'activity', 'activity', 'restores', '恢复全部'),
(1012, 179, 'activity', 'activity', 'pass', '通过'),
(1013, 179, 'activity', 'activity', 'reject', '退稿'),
(1014, 178, 'activity', 'field', NULL, '字段管理'),
(1015, 178, 'activity', 'setting', NULL, '设置'),
(1016, 138, 'article', 'article', 'edit,miniedit,related', '编辑'),
(1017, 138, 'article', 'article', 'delete', '从回收站删除'),
(1018, 138, 'article', 'article', 'clear', '清空回收站'),
(1019, 138, 'article', 'article', 'restore', '恢复'),
(1020, 138, 'article', 'article', 'restores', '恢复全部'),
(1021, 138, 'article', 'article', 'pass', '通过'),
(1022, 138, 'article', 'article', 'reject', '退稿'),
(1023, NULL, 'baoliao', NULL, NULL, '报料'),
(1024, 1023, 'baoliao', 'baoliao', NULL, '管理'),
(1025, 1023, 'baoliao', 'setting', NULL, '设置'),
(1026, 675, 'cdn', 'cdn', NULL, '接口管理'),
(1027, 675, 'cdn', 'rules', NULL, '规则管理'),
(1028, 675, 'cdn', 'setting', NULL, '设置'),
(1029, 312, 'field', 'field', NULL, '字段管理'),
(1030, 312, 'field', 'project', NULL, '方案管理'),
(1031, 240, 'interview', 'interview', 'delete', '从回收站删除'),
(1032, 240, 'interview', 'interview', 'clear', '清空回收站'),
(1033, 240, 'interview', 'interview', 'restore', '恢复'),
(1034, 240, 'interview', 'interview', 'restores', '恢复全部'),
(1035, 240, 'interview', 'interview', 'pass', '通过'),
(1036, 240, 'interview', 'interview', 'reject', '退稿'),
(1037, 261, 'link', 'link', 'delete', '从回收站彻底删除'),
(1038, 261, 'link', 'link', 'clear', '清空回收站'),
(1039, 261, 'link', 'link', 'restore', '恢复'),
(1040, 261, 'link', 'link', 'restores', '恢复全部'),
(1041, 261, 'link', 'link', 'pass', '通过'),
(1042, 261, 'link', 'link', 'reject', '退稿'),
(1043, 672, 'mobile', 'activity', NULL, '活动'),
(1044, 1043, 'mobile', 'activity', 'add', '添加'),
(1045, 1043, 'mobile', 'activity', 'edit,view,quickedit', '编辑'),
(1046, 1043, 'mobile', 'activity', 'view', '查看'),
(1047, 1043, 'mobile', 'activity', 'publish', '发布'),
(1048, 1043, 'mobile', 'activity', 'unpublish', '撤稿'),
(1049, 1043, 'mobile', 'activity', 'pass', '通过'),
(1050, 1043, 'mobile', 'activity', 'remove', '删除'),
(1051, 1043, 'mobile', 'activity', 'restore', '恢复'),
(1052, 1043, 'mobile', 'activity', 'del', '从回收站删除'),
(1053, 1043, 'mobile', 'activity', 'clear', '清空回收站'),
(1054, 672, 'mobile', 'addon', NULL, '挂件使用'),
(1055, 672, 'mobile', 'article', NULL, '文章'),
(1056, 1055, 'mobile', 'article', 'add', '添加'),
(1057, 1055, 'mobile', 'article', 'edit,view,quickedit', '编辑'),
(1058, 1055, 'mobile', 'article', 'view', '查看'),
(1059, 1055, 'mobile', 'article', 'publish', '发布'),
(1060, 1055, 'mobile', 'article', 'unpublish', '撤稿'),
(1061, 1055, 'mobile', 'article', 'pass', '通过'),
(1062, 1055, 'mobile', 'article', 'remove', '删除'),
(1063, 1055, 'mobile', 'article', 'restore', '恢复'),
(1064, 1055, 'mobile', 'article', 'del', '从回收站删除'),
(1065, 1055, 'mobile', 'article', 'clear', '清空回收站'),
(1066, 672, 'mobile', 'autofill', NULL, '内容填充'),
(1067, 1066, 'mobile', 'autofill', 'index,page', '查看'),
(1068, 1066, 'mobile', 'autofill', 'add', '添加'),
(1069, 1066, 'mobile', 'autofill', 'edit,toggle', '编辑'),
(1070, 1066, 'mobile', 'autofill', 'delete', '删除'),
(1071, 672, 'mobile', 'content', NULL, '内容'),
(1072, 1071, 'mobile', 'content', 'index,page,search,log,log_page', '查看'),
(1073, 1071, 'mobile', 'content', 'log_delete', '删除日志'),
(1074, 1071, 'mobile', 'content', 'log_clear', '清空日志'),
(1075, 1071, 'mobile', 'content', 'stick,unstick', '固顶'),
(1076, 1071, 'mobile', 'content', 'bumpup', '置顶'),
(1077, 1071, 'mobile', 'content', 'slider_add,slider_edit,slider_remove', '设为幻灯片'),
(1078, 672, 'mobile', 'feedback', NULL, '意见反馈'),
(1079, 1078, 'mobile', 'feedback', 'index,page,view', '查看'),
(1080, 1078, 'mobile', 'feedback', 'delete', '删除'),
(1081, 672, 'mobile', 'link', NULL, '链接'),
(1082, 1081, 'mobile', 'link', 'add', '添加'),
(1083, 1081, 'mobile', 'link', 'edit,view,quickedit', '编辑'),
(1084, 1081, 'mobile', 'link', 'view', '查看'),
(1085, 1081, 'mobile', 'link', 'publish', '发布'),
(1086, 1081, 'mobile', 'link', 'unpublish', '撤稿'),
(1087, 1081, 'mobile', 'link', 'pass', '通过'),
(1088, 1081, 'mobile', 'link', 'remove', '删除'),
(1089, 1081, 'mobile', 'link', 'restore', '恢复'),
(1090, 1081, 'mobile', 'link', 'del', '从回收站删除'),
(1091, 1081, 'mobile', 'link', 'clear', '清空回收站'),
(1092, 672, 'mobile', 'picture', NULL, '组图'),
(1093, 1092, 'mobile', 'picture', 'add', '添加'),
(1094, 1092, 'mobile', 'picture', 'edit,view,quickedit', '编辑'),
(1095, 1092, 'mobile', 'picture', 'view', '查看'),
(1096, 1092, 'mobile', 'picture', 'publish', '发布'),
(1097, 1092, 'mobile', 'picture', 'unpublish', '撤稿'),
(1098, 1092, 'mobile', 'picture', 'pass', '通过'),
(1099, 1092, 'mobile', 'picture', 'remove', '删除'),
(1100, 1092, 'mobile', 'picture', 'restore', '恢复'),
(1101, 1092, 'mobile', 'picture', 'del', '从回收站删除'),
(1102, 1092, 'mobile', 'picture', 'clear', '清空回收站'),
(1103, 672, 'mobile', 'push', NULL, '推送'),
(1104, 672, 'mobile', 'setting', NULL, '设置'),
(1105, 1104, 'mobile', 'setting', 'index', '系统设置'),
(1106, 1104, 'mobile', 'setting', 'display', '显示设置'),
(1107, 1104, 'mobile', 'setting', 'category,category_page,category_add,category_edit,category_enable,category_disable,category_delete,category_updown,category_priv,category_priv_add,category_priv_delete', '频道管理'),
(1108, 1104, 'mobile', 'setting', 'app,app_list,app_add,app_edit,app_update,app_delete', '应用管理'),
(1109, 1104, 'mobile', 'setting', 'moreapp,moreapp_page,moreapp_add,moreapp_edit,moreapp_delete,moreapp_updown', '应用推荐'),
(1110, 1104, 'mobile', 'setting', 'version', '版本升级'),
(1111, 1104, 'mobile', 'setting', 'api', 'API 设置'),
(1112, 672, 'mobile', 'special', NULL, '专题'),
(1113, 1112, 'mobile', 'special', 'add', '添加'),
(1114, 1112, 'mobile', 'special', 'edit,view,quickedit', '编辑'),
(1115, 1112, 'mobile', 'special', 'view', '查看'),
(1116, 1112, 'mobile', 'special', 'recommend,saveRecommend,removeRecommend', '推送'),
(1117, 1112, 'mobile', 'special', 'publish', '发布'),
(1118, 1112, 'mobile', 'special', 'unpublish', '撤稿'),
(1119, 1112, 'mobile', 'special', 'pass', '通过'),
(1120, 1112, 'mobile', 'special', 'remove', '删除'),
(1121, 1112, 'mobile', 'special', 'restore', '恢复'),
(1122, 1112, 'mobile', 'special', 'del', '从回收站删除'),
(1123, 1112, 'mobile', 'special', 'clear', '清空回收站'),
(1124, 672, 'mobile', 'stat', NULL, '统计'),
(1125, 1124, 'mobile', 'stat', 'client,client_today,client_overview,client_trends,client_user,client_user_export,client_device', '客户端统计'),
(1126, 1124, 'mobile', 'stat', 'content,content_query', '内容统计'),
(1127, 672, 'mobile', 'survey', NULL, '调查'),
(1128, 1127, 'mobile', 'survey', 'add', '添加'),
(1129, 1127, 'mobile', 'survey', 'edit,view,quickedit', '编辑'),
(1130, 1127, 'mobile', 'survey', 'view', '查看'),
(1131, 1127, 'mobile', 'survey', 'publish', '发布'),
(1132, 1127, 'mobile', 'survey', 'unpublish', '撤稿'),
(1133, 1127, 'mobile', 'survey', 'pass', '通过'),
(1134, 1127, 'mobile', 'survey', 'remove', '删除'),
(1135, 1127, 'mobile', 'survey', 'restore', '恢复'),
(1136, 1127, 'mobile', 'survey', 'del', '从回收站删除'),
(1137, 1127, 'mobile', 'survey', 'clear', '清空回收站'),
(1138, 672, 'mobile', 'video', NULL, '视频'),
(1139, 1138, 'mobile', 'video', 'add', '添加'),
(1140, 1138, 'mobile', 'video', 'edit,view,quickedit', '编辑'),
(1141, 1138, 'mobile', 'video', 'view', '查看'),
(1142, 1138, 'mobile', 'video', 'publish', '发布'),
(1143, 1138, 'mobile', 'video', 'unpublish', '撤稿'),
(1144, 1138, 'mobile', 'video', 'pass', '通过'),
(1145, 1138, 'mobile', 'video', 'remove', '删除'),
(1146, 1138, 'mobile', 'video', 'restore', '恢复'),
(1147, 1138, 'mobile', 'video', 'del', '从回收站删除'),
(1148, 1138, 'mobile', 'video', 'clear', '清空回收站'),
(1149, 672, 'mobile', 'vote', NULL, '投票'),
(1150, 1149, 'mobile', 'vote', 'add', '添加'),
(1151, 1149, 'mobile', 'vote', 'edit,view,quickedit', '编辑'),
(1152, 1149, 'mobile', 'vote', 'view', '查看'),
(1153, 1149, 'mobile', 'vote', 'publish', '发布'),
(1154, 1149, 'mobile', 'vote', 'unpublish', '撤稿'),
(1155, 1149, 'mobile', 'vote', 'pass', '通过'),
(1156, 1149, 'mobile', 'vote', 'remove', '删除'),
(1157, 1149, 'mobile', 'vote', 'restore', '恢复'),
(1158, 1149, 'mobile', 'vote', 'del', '从回收站删除'),
(1159, 1149, 'mobile', 'vote', 'clear', '清空回收站'),
(1160, 672, 'mobile', 'weibo', NULL, '官方微博'),
(1161, 777, 'picture', 'picture', 'delete', '从回收站删除'),
(1162, 777, 'picture', 'picture', 'clear', '清空回收站'),
(1163, 777, 'picture', 'picture', 'restore', '恢复'),
(1164, 777, 'picture', 'picture', 'restores', '恢复全部'),
(1165, 777, 'picture', 'picture', 'pass', '通过'),
(1166, 777, 'picture', 'picture', 'reject', '退稿'),
(1167, 514, 'special', 'online', 'getWidgetByPage', '获取页面中所有模块'),
(1168, 514, 'special', 'online', 'saveScheme', '保存为方案'),
(1169, 513, 'special', 'resource', NULL, '专题资源'),
(1170, 1169, 'special', 'resource', 'subDir', '列子目录'),
(1171, 1169, 'special', 'resource', 'readDir', '读取目录'),
(1172, 1169, 'special', 'resource', 'createDir', '创建目录'),
(1173, 1169, 'special', 'resource', 'editFile', '编辑文件'),
(1174, 1169, 'special', 'resource', 'rename', '重命名'),
(1175, 1169, 'special', 'resource', 'remove', '删除'),
(1176, 1169, 'special', 'resource', 'getConfig', '读取图形编辑器配置'),
(1177, 1169, 'special', 'resource', 'readImage', '读取图片'),
(1178, 1169, 'special', 'resource', 'preview', '获取预览图'),
(1179, 1169, 'special', 'resource', 'saveImage', '保存图片'),
(1180, 1169, 'special', 'resource', 'upload', '上传文件'),
(1181, 547, 'special', 'special', 'recommend,saveRecommend', '推送'),
(1182, 547, 'special', 'special', 'removeRecommend', '删除推送内容'),
(1183, 547, 'special', 'special', 'delete', '从回收站删除'),
(1184, 547, 'special', 'special', 'clear', '清空回收站'),
(1185, 547, 'special', 'special', 'restore', '恢复'),
(1186, 547, 'special', 'special', 'restores', '恢复全部'),
(1187, 547, 'special', 'special', 'pass', '通过'),
(1188, 547, 'special', 'special', 'reject', '退稿'),
(1189, 552, 'spider', 'cron', NULL, '自动采集'),
(1190, 552, 'spider', 'setting', NULL, '采集设置'),
(1191, 207, 'survey', 'setting', NULL, '设置'),
(1192, 225, 'survey', 'survey', 'delete', '从回收站删除'),
(1193, 225, 'survey', 'survey', 'clear', '清空回收站'),
(1194, 225, 'survey', 'survey', 'restore', '恢复'),
(1195, 225, 'survey', 'survey', 'restores', '恢复全部'),
(1196, 225, 'survey', 'survey', 'pass', '通过'),
(1197, 225, 'survey', 'survey', 'reject', '退稿'),
(1198, 17, 'system', 'category', 'addchannel', '新建顶级栏目'),
(1199, 1, 'system', 'import', NULL, '数据导入'),
(1200, 1, 'system', 'qrcode', NULL, '二维码'),
(1201, 1200, 'system', 'qrcode', 'index,preview,generate,download', '使用'),
(1202, 1200, 'system', 'qrcode', 'stat,page,view,query,edit,delete', '统计'),
(1203, 1, 'system', 'toolbox', NULL, '网编工具箱'),
(1204, 162, 'video', 'search', NULL, '搜索'),
(1205, 164, 'video', 'video', 'delete', '从回收站删除'),
(1206, 164, 'video', 'video', 'clear', '清空回收站'),
(1207, 164, 'video', 'video', 'restore', '恢复'),
(1208, 164, 'video', 'video', 'restores', '恢复全部'),
(1209, 164, 'video', 'video', 'pass', '通过'),
(1210, 164, 'video', 'video', 'reject', '退稿'),
(1211, 173, 'video', 'vms', 'index,view,preview,edit', '使用'),
(1212, 173, 'video', 'vms', 'setting,setting_video', '设置'),
(1213, 173, 'video', 'vms', 'ls', '列表'),
(1214, 173, 'video', 'vms', 'info,info_by_file', '查看视频信息'),
(1215, 173, 'video', 'vms', 'setinfo', '设置视频信息'),
(1216, 197, 'vote', 'setting', NULL, '设置'),
(1217, 200, 'vote', 'vote', 'delete', '从回收站删除'),
(1218, 200, 'vote', 'vote', 'clear', '清空回收站'),
(1219, 200, 'vote', 'vote', 'restore', '恢复'),
(1220, 200, 'vote', 'vote', 'restores', '恢复全部'),
(1221, 200, 'vote', 'vote', 'pass', '通过'),
(1222, 200, 'vote', 'vote', 'reject', '退稿'),
(1223, 672, 'mobile', 'ad', NULL, '广告管理');

-- --------------------------------------------------------

--
-- 表的结构 `cmstop_role`
--

CREATE TABLE IF NOT EXISTS `cmstop_role` (
  `roleid` tinyint(3) unsigned NOT NULL AUTO_INCREMENT,
  `name` char(20) NOT NULL,
  PRIMARY KEY (`roleid`)
) ENGINE=InnoDB  DEFAULT CHARSET=utf8 AUTO_INCREMENT=18 ;

--
-- 导出表中的数据 `cmstop_role`
--

INSERT INTO `cmstop_role` (`roleid`, `name`) VALUES
(1, '超级管理员'),
(2, '总编辑'),
(3, '频道主编'),
(4, '页面编辑'),
(5, '区块编辑'),
(6, '责任编辑'),
(7, '发稿编辑'),
(9, '会员管理员'),
(10, '报纸管理员'),
(11, '杂志管理员'),
(13, '评论管理员'),
(14, '微博管理员'),
(15, '报料管理员'),
(16, '移动管理员'),
(17, '移动编辑');

-- --------------------------------------------------------

--
-- 表的结构 `cmstop_role_aca`
--

CREATE TABLE IF NOT EXISTS `cmstop_role_aca` (
  `roleid` tinyint(3) unsigned NOT NULL DEFAULT '0',
  `acaid` smallint(5) unsigned NOT NULL DEFAULT '0',
  PRIMARY KEY (`roleid`,`acaid`),
  KEY `acaid` (`acaid`)
) ENGINE=InnoDB DEFAULT CHARSET=utf8;

--
-- 导出表中的数据 `cmstop_role_aca`
--

INSERT INTO `cmstop_role_aca` (`roleid`, `acaid`) VALUES
(2, 5),
(2, 16),
(2, 20),
(2, 27),
(2, 30),
(3, 31),
(6, 31),
(7, 31),
(14, 31),
(15, 31),
(16, 31),
(3, 32),
(6, 32),
(7, 32),
(16, 32),
(3, 33),
(6, 33),
(16, 33),
(3, 34),
(6, 34),
(7, 34),
(16, 34),
(3, 35),
(6, 35),
(7, 35),
(16, 35),
(2, 37),
(3, 38),
(6, 38),
(7, 38),
(16, 38),
(2, 40),
(3, 40),
(16, 40),
(6, 41),
(7, 41),
(6, 42),
(2, 44),
(3, 44),
(16, 44),
(6, 45),
(7, 45),
(6, 46),
(7, 46),
(6, 47),
(7, 47),
(2, 58),
(3, 58),
(16, 58),
(2, 63),
(3, 63),
(6, 63),
(7, 63),
(16, 63),
(2, 70),
(3, 70),
(6, 70),
(7, 70),
(16, 70),
(2, 76),
(2, 80),
(2, 96),
(3, 96),
(16, 96),
(2, 97),
(3, 97),
(6, 97),
(7, 97),
(16, 97),
(2, 99),
(3, 99),
(16, 99),
(6, 101),
(7, 101),
(2, 104),
(3, 104),
(16, 104),
(2, 109),
(3, 109),
(16, 109),
(2, 110),
(3, 110),
(16, 110),
(2, 111),
(3, 111),
(16, 111),
(2, 136),
(2, 137),
(3, 139),
(6, 139),
(7, 139),
(16, 139),
(17, 139),
(3, 141),
(6, 141),
(7, 141),
(16, 141),
(17, 141),
(3, 143),
(6, 143),
(7, 143),
(16, 143),
(17, 143),
(3, 145),
(6, 145),
(7, 145),
(16, 145),
(17, 145),
(3, 146),
(6, 146),
(7, 146),
(16, 146),
(17, 146),
(3, 148),
(6, 148),
(7, 148),
(2, 150),
(3, 151),
(6, 151),
(7, 151),
(2, 163),
(3, 163),
(6, 163),
(7, 163),
(2, 164),
(3, 165),
(6, 165),
(7, 165),
(16, 165),
(17, 165),
(3, 166),
(6, 166),
(7, 166),
(16, 166),
(17, 166),
(3, 167),
(6, 167),
(7, 167),
(16, 167),
(17, 167),
(3, 169),
(6, 169),
(7, 169),
(16, 169),
(17, 169),
(3, 170),
(6, 170),
(7, 170),
(16, 170),
(17, 170),
(3, 171),
(6, 171),
(7, 171),
(16, 171),
(17, 171),
(2, 178),
(3, 180),
(6, 180),
(7, 180),
(16, 180),
(3, 181),
(6, 181),
(7, 181),
(16, 181),
(3, 182),
(6, 182),
(7, 182),
(16, 182),
(3, 183),
(6, 183),
(16, 183),
(3, 185),
(6, 185),
(7, 185),
(16, 185),
(6, 186),
(7, 186),
(3, 187),
(6, 187),
(7, 187),
(16, 187),
(3, 188),
(6, 188),
(7, 188),
(3, 190),
(6, 190),
(16, 190),
(2, 197),
(3, 198),
(6, 198),
(7, 198),
(16, 198),
(17, 198),
(3, 199),
(6, 199),
(7, 199),
(16, 199),
(17, 199),
(3, 201),
(6, 201),
(7, 201),
(16, 201),
(17, 201),
(3, 202),
(6, 202),
(7, 202),
(16, 202),
(17, 202),
(3, 205),
(6, 205),
(7, 205),
(16, 205),
(17, 205),
(3, 206),
(6, 206),
(7, 206),
(16, 206),
(17, 206),
(2, 207),
(3, 208),
(6, 208),
(3, 209),
(6, 209),
(7, 209),
(3, 210),
(6, 210),
(7, 210),
(3, 217),
(6, 217),
(3, 226),
(6, 226),
(7, 226),
(16, 226),
(17, 226),
(3, 227),
(6, 227),
(7, 227),
(16, 227),
(17, 227),
(3, 228),
(6, 228),
(7, 228),
(16, 228),
(17, 228),
(3, 229),
(6, 229),
(16, 229),
(17, 229),
(3, 231),
(6, 231),
(7, 231),
(16, 231),
(17, 231),
(3, 232),
(6, 232),
(7, 232),
(16, 232),
(17, 232),
(2, 233),
(3, 234),
(6, 234),
(3, 239),
(6, 239),
(7, 239),
(3, 241),
(6, 241),
(7, 241),
(3, 242),
(6, 242),
(7, 242),
(3, 243),
(6, 243),
(7, 243),
(3, 244),
(6, 244),
(7, 244),
(3, 245),
(6, 245),
(7, 245),
(3, 246),
(6, 246),
(7, 246),
(3, 248),
(6, 248),
(7, 248),
(3, 249),
(6, 249),
(7, 249),
(3, 251),
(6, 251),
(2, 260),
(3, 262),
(6, 262),
(7, 262),
(3, 263),
(6, 263),
(7, 263),
(3, 264),
(6, 264),
(7, 264),
(3, 266),
(6, 266),
(7, 266),
(3, 267),
(6, 267),
(7, 267),
(13, 268),
(2, 269),
(3, 269),
(6, 270),
(2, 289),
(3, 291),
(6, 291),
(2, 300),
(3, 300),
(6, 300),
(2, 302),
(2, 312),
(2, 322),
(3, 337),
(16, 337),
(17, 337),
(3, 345),
(16, 345),
(17, 345),
(2, 356),
(11, 356),
(9, 376),
(2, 406),
(3, 406),
(16, 406),
(17, 406),
(2, 414),
(3, 421),
(4, 421),
(5, 421),
(16, 421),
(17, 421),
(3, 433),
(4, 433),
(16, 433),
(17, 433),
(5, 434),
(3, 438),
(4, 438),
(5, 438),
(16, 438),
(17, 438),
(3, 464),
(4, 464),
(16, 464),
(17, 464),
(2, 468),
(10, 468),
(2, 504),
(3, 504),
(6, 504),
(2, 505),
(2, 507),
(3, 507),
(2, 513),
(3, 514),
(6, 514),
(7, 514),
(16, 514),
(17, 514),
(3, 548),
(6, 548),
(7, 548),
(16, 548),
(17, 548),
(3, 549),
(6, 549),
(7, 549),
(16, 549),
(17, 549),
(3, 550),
(6, 550),
(7, 550),
(16, 550),
(17, 550),
(3, 551),
(6, 551),
(7, 551),
(16, 551),
(17, 551),
(2, 552),
(3, 569),
(6, 569),
(7, 569),
(16, 569),
(17, 569),
(3, 575),
(6, 575),
(16, 575),
(3, 578),
(6, 578),
(7, 578),
(16, 578),
(3, 582),
(6, 582),
(16, 582),
(3, 583),
(6, 583),
(16, 583),
(3, 597),
(6, 597),
(3, 604),
(6, 604),
(3, 605),
(6, 605),
(3, 619),
(6, 619),
(7, 619),
(16, 619),
(17, 619),
(3, 626),
(6, 626),
(16, 626),
(17, 626),
(3, 627),
(6, 627),
(16, 627),
(17, 627),
(3, 630),
(6, 630),
(16, 630),
(17, 630),
(3, 633),
(6, 633),
(7, 633),
(16, 633),
(17, 633),
(3, 637),
(6, 637),
(16, 637),
(17, 637),
(3, 638),
(6, 638),
(16, 638),
(17, 638),
(3, 641),
(6, 641),
(16, 641),
(17, 641),
(3, 644),
(6, 644),
(7, 644),
(16, 644),
(17, 644),
(3, 648),
(6, 648),
(16, 648),
(17, 648),
(3, 649),
(6, 649),
(16, 649),
(17, 649),
(3, 652),
(6, 652),
(16, 652),
(17, 652),
(3, 659),
(6, 659),
(16, 659),
(17, 659),
(3, 660),
(6, 660),
(16, 660),
(17, 660),
(3, 662),
(6, 662),
(16, 662),
(17, 662),
(3, 666),
(6, 666),
(7, 666),
(16, 666),
(17, 666),
(3, 670),
(6, 670),
(16, 670),
(17, 670),
(3, 671),
(6, 671),
(16, 671),
(17, 671),
(16, 672),
(3, 757),
(6, 757),
(3, 760),
(6, 760),
(7, 760),
(3, 764),
(6, 764),
(3, 765),
(6, 765),
(7, 776),
(3, 778),
(6, 778),
(7, 778),
(16, 778),
(17, 778),
(3, 779),
(6, 779),
(7, 779),
(16, 779),
(17, 779),
(3, 780),
(6, 780),
(7, 780),
(16, 780),
(17, 780),
(3, 782),
(6, 782),
(7, 782),
(16, 782),
(17, 782),
(3, 783),
(6, 783),
(7, 783),
(16, 783),
(17, 783),
(3, 791),
(6, 791),
(16, 791),
(17, 791),
(3, 794),
(6, 794),
(7, 794),
(16, 794),
(17, 794),
(3, 798),
(6, 798),
(16, 798),
(17, 798),
(3, 799),
(6, 799),
(16, 799),
(17, 799),
(3, 812),
(6, 812),
(7, 812),
(16, 812),
(17, 812),
(3, 823),
(6, 823),
(7, 823),
(16, 823),
(2, 839),
(3, 866),
(6, 866),
(7, 866),
(16, 866),
(17, 866),
(3, 868),
(6, 868),
(7, 868),
(16, 868),
(17, 868),
(3, 869),
(6, 869),
(7, 869),
(16, 869),
(17, 869),
(3, 870),
(6, 870),
(7, 870),
(16, 870),
(17, 870),
(3, 873),
(6, 873),
(7, 873),
(16, 873),
(17, 873),
(3, 879),
(6, 879),
(7, 879),
(16, 879),
(17, 879),
(3, 894),
(6, 901),
(7, 901),
(3, 919),
(4, 919),
(5, 919),
(16, 919),
(17, 919),
(3, 968),
(6, 968),
(7, 968),
(16, 968),
(17, 968),
(3, 975),
(6, 975),
(7, 976),
(7, 978),
(7, 979),
(3, 987),
(6, 987),
(7, 987),
(16, 987),
(17, 987),
(14, 990),
(3, 997),
(16, 997),
(17, 997),
(3, 1004),
(4, 1004),
(5, 1004),
(6, 1004),
(7, 1004),
(16, 1004),
(17, 1004),
(3, 1005),
(6, 1005),
(7, 1005),
(16, 1005),
(17, 1005),
(15, 1023),
(17, 1044),
(17, 1045),
(17, 1046),
(17, 1047),
(17, 1048),
(17, 1049),
(17, 1050),
(17, 1051),
(17, 1054),
(17, 1056),
(17, 1057),
(17, 1058),
(17, 1059),
(17, 1060),
(17, 1061),
(17, 1062),
(17, 1063),
(17, 1066),
(17, 1071),
(17, 1082),
(17, 1083),
(17, 1084),
(17, 1085),
(17, 1086),
(17, 1087),
(17, 1088),
(17, 1089),
(17, 1093),
(17, 1094),
(17, 1095),
(17, 1096),
(17, 1097),
(17, 1098),
(17, 1099),
(17, 1100),
(17, 1103),
(17, 1113),
(17, 1114),
(17, 1115),
(17, 1116),
(17, 1117),
(17, 1118),
(17, 1119),
(17, 1120),
(17, 1121),
(17, 1128),
(17, 1129),
(17, 1130),
(17, 1131),
(17, 1132),
(17, 1133),
(17, 1134),
(17, 1135),
(17, 1139),
(17, 1140),
(17, 1141),
(17, 1142),
(17, 1143),
(17, 1144),
(17, 1145),
(17, 1146),
(17, 1150),
(17, 1151),
(17, 1152),
(17, 1153),
(17, 1154),
(17, 1155),
(17, 1156),
(17, 1157),
(16, 1200),
(17, 1200),
(16, 1203),
(17, 1203);

--
-- 限制导出的表
--

--
-- 限制表 `cmstop_aca`
--
ALTER TABLE `cmstop_aca`
  ADD CONSTRAINT `cmstop_aca_ibfk_1` FOREIGN KEY (`parentid`) REFERENCES `cmstop_aca` (`acaid`) ON DELETE CASCADE;

--
-- 限制表 `cmstop_role_aca`
--
ALTER TABLE `cmstop_role_aca`
  ADD CONSTRAINT `cmstop_role_aca_ibfk_1` FOREIGN KEY (`acaid`) REFERENCES `cmstop_aca` (`acaid`) ON DELETE CASCADE,
  ADD CONSTRAINT `cmstop_role_aca_ibfk_2` FOREIGN KEY (`roleid`) REFERENCES `cmstop_role` (`roleid`) ON DELETE CASCADE;
